标签,,动态规划、位运算、哈希、数学、双指针、三指针、枚举、众数、线性表、二进制,,,,,,,,,,,,,,,,,,,,,,,,,,
,,广度优先搜索、深度优先搜索、回溯算法、分治算法、贪心算法、构造算法,,,,,,,,,,,,,,,,,,,,,,,,,,
,,二分查找、排序、桶排、拓扑排序、快排、堆排、优先队列、队列、分块,,,,,,,,,,,,,,,,,,,,,,,,,,
,,并查集、主席树、树状数组、字典树、平衡树、线段树、树链剖分、图、线性表、数组、可持久化、字典、栈、生成树、最近公共祖先,,,,,,,,,,,,,,,,,,,,,,,,,,
,,裴属定理、AC自动机、几何、滑动窗口、强连通分量、sap、搜索、邻接矩阵、bit magic、splay,,,,,,,,,,,,,,,,,,,,,,,,,,
题目ID,,题目名称,所属类别,标签一,标签二,标签三,难度,,,,,,,,,,,,,,,,,,,,,
2751,,01矩阵,查找算法,广度优先搜索,动态规划,,leetcode中等,,,,,,,,,,,,,,,,,,,,,
2899,,4的幂,数字操作,位运算,数学,,leetcode简单,,,,,,,,,,,,,,,,,,,,,
2374,,按频率对数组元素排序,数组,哈希,排序,,geeksforgeeks中等,,,,,,,,,,,,,,,,,,,,,
2498,,按奇偶排序数组,数组,快排,双指针,,leetcode简单,,,,,,,,,,,,,,,,,,,,,
2926,,波利卡普的口袋,数组,枚举,桶排,众数,洛谷入门,,,,,,,,,,,,,,,,,,,,,
2670,,补码,线性表,位运算,,,geeksforgeeks简单,,,,,,,,,,,,,,,,,,,,,
2418,,不浪费原料的汉堡制作方案,数字操作,数学,贪心算法,二分查找,leetcode中等,,,,,,,,,,,,,,,,,,,,,
2734,,采花,树结构,主席树,树状数组,排序,洛谷省选/NOI-,,,,,,,,,,,,,,,,,,,,,
2678,,查找设置位的位置,线性表,位运算,,,简单,,,,,,,,,,,,,,,,,,,,,
2583,,丑数 III,数字操作,二分查找,三指针,,leetcode中等,,,,,,,,,,,,,,,,,,,,,
2903,,串联字符串的最大长度,数组,回溯算法,深度优先搜索,位运算,leetcode中等,,,,,,,,,,,,,,,,,,,,,
2626,,戳气球,数字操作,分治算法,动态规划,,leetcode困难,,,,,,,,,,,,,,,,,,,,,
2714,,词语接龙游戏,树结构,动态规划,,,洛谷省选/NOI-,,,,,,,,,,,,,,,,,,,,,
2591,,从属之数,线性表,线性表,,,简单,,,,,,,,,,,,,,,,,,,,,
2767,,达到指定分数,线性表,动态规划,,,简单,,,,,,,,,,,,,,,,,,,,,
2709,,打砖块,查找算法,并查集,,,leetcode困难,,,,,,,,,,,,,,,,,,,,,
2882,,单峰数组,数组,分治算法,,,codeForces,,,,,,,,,,,,,,,,,,,,,
2914,,单推,数组,枚举,,,codeForces,,,,,,,,,,,,,,,,,,,,,
2754,,地图分析,图结构,广度优先搜索,动态规划,,leetcode中等,,,,,,,,,,,,,,,,,,,,,
2717,,等式方程的可满足性,查找算法,并查集,图,,leetcode中等,,,,,,,,,,,,,,,,,,,,,
2609,,第K个不同元素,线性表,线性表,,,简单,,,,,,,,,,,,,,,,,,,,,
2307,,多数元素,数组,位运算,分治算法,哈希,leetcode简单,,,,,,,,,,,,,,,,,,,,,
2726,,二叉树的最小深度,查找算法,广度优先搜索,深度优先搜索,,leetcode简单,,,,,,,,,,,,,,,,,,,,,
2606,,二分查找,查找算法,二分查找,双指针,,leetcode简单,,,,,,,,,,,,,,,,,,,,,
2905,,二进制链表转整数,线性表,位运算,,,leetcode简单,,,,,,,,,,,,,,,,,,,,,
2672,,反转位,线性表,线性表,,,codeForces,,,,,,,,,,,,,,,,,,,,,
2927,,范围技能,数组,数组,,,codeForces,,,,,,,,,,,,,,,,,,,,,
2580,,范围求和 II,数字操作,数学,贪心算法,,leetcode简单,,,,,,,,,,,,,,,,,,,,,
2587,,访问所有点的最小时间,数字操作,数学,,,leetcode简单,,,,,,,,,,,,,,,,,,,,,
2414,,飞机座位分配概率,数字操作,动态规划,数学,,leetcode中等,,,,,,,,,,,,,,,,,,,,,
2612,,非重合点对,数字操作,哈希,数学,,geeksforgeeks中等,,,,,,,,,,,,,,,,,,,,,
2922,,菲利亚的作业,数组,数组,,,codeForces,,,,,,,,,,,,,,,,,,,,,
2965,,复制粘贴,字符串,动态规划,,,codeForces,,,,,,,,,,,,,,,,,,,,,
2660,,高级打印机,树结构,主席树,可持久化,,洛谷省选-,,,,,,,,,,,,,,,,,,,,,
2625,,给表达式添加运算符,数字操作,分治算法,回溯算法,深度优先搜索,leetcode困难,,,,,,,,,,,,,,,,,,,,,
2779,,购买数组,线性表,线性表,,,codeForces,,,,,,,,,,,,,,,,,,,,,
2525,,规划兼职工作,查找算法,二分查找,动态规划,,leetcode困难,,,,,,,,,,,,,,,,,,,,,
2885,,合并数组,数组,数组,,,codeForces,,,,,,,,,,,,,,,,,,,,,
2534,,合并K个排序数组,排序算法,分治算法,,,leetcode中等,,,,,,,,,,,,,,,,,,,,,
2176,,后缀排序,数组,排序,,,洛谷省选/NOI-,,,,,,,,,,,,,,,,,,,,,
2878,,花园浇花,数组,数组,,,简单,,,,,,,,,,,,,,,,,,,,,
2871,,划分三人团队,数组,数组,,,简单,,,,,,,,,,,,,,,,,,,,,
2335,,坏了的计算器,数字操作,数学,贪心算法,,leetcode中等,,,,,,,,,,,,,,,,,,,,,
2744,,回文串,树结构,哈希,字典树,,洛谷省选/NOI-,,,,,,,,,,,,,,,,,,,,,
2719,,会场预约,树结构,平衡树,树状数组,,洛谷省选/NOI-,,,,,,,,,,,,,,,,,,,,,
2881,,绘制水晶矿,数组,数组,,,codeForces,,,,,,,,,,,,,,,,,,,,,
2766,,火柴游戏,线性表,线性表,,,简单,,,,,,,,,,,,,,,,,,,,,
2628,,积分点数,数字操作,数学,,,codeForces,,,,,,,,,,,,,,,,,,,,,
0,,级数破解,,数学,,,codeForces,,,,,,,,,,,,,,,,,,,,,
2768,,计数可被M整除的数字,线性表,线性表,,,codeForces,,,,,,,,,,,,,,,,,,,,,
0,,计算子序列,,数学,,,codeForces,,,,,,,,,,,,,,,,,,,,,
0,,检查好数组,,数学,裴属定理,,leetcode困难,,,,,,,,,,,,,,,,,,,,,
2544,,检查两个线段是否相交,线性表,数学,,,codeForces,,,,,,,,,,,,,,,,,,,,,
2775,,检查三个连续数字,线性表,数学,,,codeForces,,,,,,,,,,,,,,,,,,,,,
2771,,检查数字是否为完全平方,线性表,数学,,,codeForces,,,,,,,,,,,,,,,,,,,,,
2718,,交换字符串中的元素,数组,并查集,桶排,,leetcode中等,,,,,,,,,,,,,,,,,,,,,
2901,,交替位二进制数,数字操作,位运算,,,leetcode简单,,,,,,,,,,,,,,,,,,,,,
2930,,局部极值,数组,数学,,,codeForces,,,,,,,,,,,,,,,,,,,,,
2571,,矩形区域不超过 K 的最大数值和,查找算法,二分查找,动态规划,,leetcode困难,,,,,,,,,,,,,,,,,,,,,
2773,,矩阵中的最长递增路径,查找算法,深度优先搜索,拓扑排序,动态规划,leetcode困难,,,,,,,,,,,,,,,,,,,,,
2582,,绝对值表达式的最大值,数字操作,位运算,数学,,leetcode中等,,,,,,,,,,,,,,,,,,,,,
2742,,可持久化平衡树,树结构,线段树,平衡树,深度优先搜索,洛谷省选/NOI-,,,,,,,,,,,,,,,,,,,,,
2541,,课程表,查找算法,深度优先搜索,广度优先搜索,拓扑排序,leetcode中等,,,,,,,,,,,,,,,,,,,,,
2765,,利率问题,线性表,数学,,,codeForces,,,,,,,,,,,,,,,,,,,,,
2776,,连接词,树结构,深度优先搜索,字典树,动态规划,leetcode困难,,,,,,,,,,,,,,,,,,,,,
2526,,两棵二叉搜索树中的所有元素,排序算法,排序,深度优先搜索,,leetcode中等,,,,,,,,,,,,,,,,,,,,,
2917,,曼哈顿距离和欧式距离,数组,数学,,,codeForces,,,,,,,,,,,,,,,,,,,,,
2973,,密文搜索,字符串,二分查找,排序,,蓝桥杯,,,,,,,,,,,,,,,,,,,,,
2712,,模式串,树结构,字典树,AC自动机,,提高+/省选-,,,,,,,,,,,,,,,,,,,,,
2663,,模式识别,线性表,线性表,,,codeForces,,,,,,,,,,,,,,,,,,,,,
2627,,魔盒,数字操作,数学,,,codeForces,,,,,,,,,,,,,,,,,,,,,
2528,,排序数组,数组,排序,堆排,快排,leetcode中等,,,,,,,,,,,,,,,,,,,,,
2891,,平等日,数组,数学,,,codeForces,,,,,,,,,,,,,,,,,,,,,
2879,,铺设沥青,数组,数组,,,codeForces,,,,,,,,,,,,,,,,,,,,,
2620,,前n个自然数的第五次幂的和,数字操作,数学,,,codeForces,,,,,,,,,,,,,,,,,,,,,
2707,,情侣牵手,查找算法,贪心算法,并查集,图,leetcode困难,,,,,,,,,,,,,,,,,,,,,
2777,,求中位数,线性表,线性表,,,codeForces,,,,,,,,,,,,,,,,,,,,,
2737,,求众数,数组,数组,,,codeForces,,,,,,,,,,,,,,,,,,,,,
2913,,全为零的数组,数组,数学,,,codeForces,,,,,,,,,,,,,,,,,,,,,
2538,,缺失的第一个正数,排序算法,数组,,,leetcode困难,,,,,,,,,,,,,,,,,,,,,
2594,,任何两个相同字符之间的最大字符数,线性表,字典,,,codeForces,,,,,,,,,,,,,,,,,,,,,
2704,,冗余连接,图结构,深度优先搜索,并查集,拓扑排序,leetcode中等,,,,,,,,,,,,,,,,,,,,,
2989,,三个字符串的排序,字符串,字符串,,,codeForces,,,,,,,,,,,,,,,,,,,,,
2574,,山洞石刻,线性表,线性表,数学,,codeForces,,,,,,,,,,,,,,,,,,,,,
2748,,删除无效的括号,查找算法,广度优先搜索,深度优先搜索,,leetcode困难,,,,,,,,,,,,,,,,,,,,,
2864,,删除元素,数组,数组,,,codeForces,,,,,,,,,,,,,,,,,,,,,
2869,,删除重复元素,数组,数组,,,codeForces,,,,,,,,,,,,,,,,,,,,,
2916,,删去它,数组,数组,数学,,codeForces,,,,,,,,,,,,,,,,,,,,,
2476,,绳索的最低成本,线性表,贪心算法,,,codeForces,,,,,,,,,,,,,,,,,,,,,
2588,,史密斯数,数字操作,数学,,,codeForces,,,,,,,,,,,,,,,,,,,,,
2510,,树链剖分,树结构,树链剖分,,,提高+/省选-,,,,,,,,,,,,,,,,,,,,,
2749,,树上后缀排序,树结构,倍增,后缀数组,,省选/NOI-,,,,,,,,,,,,,,,,,,,,,
2772,,数的立方根,线性表,数学,,,codeForces,,,,,,,,,,,,,,,,,,,,,
2953,,数字对,字符串,字符串,,,codeForces,,,,,,,,,,,,,,,,,,,,,
2895,,数字范围按位与,数字操作,位运算,,,codeForces,,,,,,,,,,,,,,,,,,,,,
2780,,数组乘法的余数,线性表,线性表,数学,,codeForces,,,,,,,,,,,,,,,,,,,,,
2537,,数组中的第K个最大元素,查找算法,分治算法,快排,堆排,leetcode中等,,,,,,,,,,,,,,,,,,,,,
2902,,水晶矿,树结构,模拟,字符串,,入门,,,,,,,,,,,,,,,,,,,,,
2743,,松鼠的新家,树结构,线段树,最近公共祖先,树链剖分,提高+/省选-,,,,,,,,,,,,,,,,,,,,,
2452,,搜索二维矩阵,数字操作,二分查找,双指针,,leetcode中等,,,,,,,,,,,,,,,,,,,,,
2925,,隧道超车,数组,排序,双指针,,codeForces,,,,,,,,,,,,,,,,,,,,,
2581,,逃脱阻碍者,数字操作,数学,曼哈顿距离,贪心算法,leetcode中等,,,,,,,,,,,,,,,,,,,,,
2886,,袜子配对,数组,数组,,,codeForces,,,,,,,,,,,,,,,,,,,,,
2769,,网格中的最短路径,查找算法,广度优先搜索,深度优先搜索,动态规划,leetcode困难,,,,,,,,,,,,,,,,,,,,,
2752,,为高尔夫比赛砍树,查找算法,广度优先搜索,优先队列,,leetcode困难,,,,,,,,,,,,,,,,,,,,,
2624,,为运算表达式设计优先级,数字操作,分治算法,动态规划,深度优先搜索,leetcode中等,,,,,,,,,,,,,,,,,,,,,
2595,,无聊的杰克,数字操作,数字操作,,,codeForces,,,,,,,,,,,,,,,,,,,,,
2887,,系统管理员,数组,数组,,,codeForces,,,,,,,,,,,,,,,,,,,,,
2711,,相似字符串组,查找算法,深度优先搜索,广度优先搜索,并查集,leetcode困难,,,,,,,,,,,,,,,,,,,,,
2778,,相同的第一位和最后一位数字,线性表,线性表,,,codeForces,,,,,,,,,,,,,,,,,,,,,
2880,,小丑海盗船,数组,数组,,,codeForces,,,,,,,,,,,,,,,,,,,,,
2710,,小马里卡和爷爷,树结构,模拟,线段树,,洛谷提高+/省选-,,,,,,,,,,,,,,,,,,,,,
2693,,小清新计算题,树结构,枚举暴力,素数判断,前缀和,洛谷省选/NOI-,,,,,,,,,,,,,,,,,,,,,
2889,,小瓦西亚的橙汁,数组,数组,数学,,codeforce一星,,,,,,,,,,,,,,,,,,,,,
2921,,小Polo的整数矩阵,数组,二分查找,动态规划,暴力,codeForces,,,,,,,,,,,,,,,,,,,,,
2619,,幸运数字,数字操作,哈希,数学,,codeForces,,,,,,,,,,,,,,,,,,,,,
2763,,序列顺序,线性表,分治算法,,,geeksforgeeks easy,,,,,,,,,,,,,,,,,,,,,
2910,,旋转矩形,数组,贪心算法,排序,,codeForces,,,,,,,,,,,,,,,,,,,,,
2915,,选择问题集,数组,数组,特殊问题,,codeForces,,,,,,,,,,,,,,,,,,,,,
2924,,学术奖学金,数组,贪心算法,排序,,codeForces,,,,,,,,,,,,,,,,,,,,,
2883,,寻找黑色子矩阵,数组,动态规划,哈希,,codeForces,,,,,,,,,,,,,,,,,,,,,
2413,,循环码排列,数字操作,格雷码,深度优先搜索,回溯算法,leetcode中等,,,,,,,,,,,,,,,,,,,,,
2929,,压缩歌曲,数组,排序,,,codeForces,,,,,,,,,,,,,,,,,,,,,
2756,,颜色交替的最短路径,图结构,广度优先搜索,深度优先搜索,拓扑排序,leetcode中等,,,,,,,,,,,,,,,,,,,,,
2616,,伊桑的总和问题,数字操作,数学,,,codeForces,,,,,,,,,,,,,,,,,,,,,
2586,,移动石子直到连续,数字操作,数学,排序,,codeForces,,,,,,,,,,,,,,,,,,,,,
2890,,意大利炮,数组,排序,,,codeForces,,,,,,,,,,,,,,,,,,,,,
2716,,由斜杠划分区域,查找算法,深度优先搜索,并查集,贪心算法,leetcode中等,,,,,,,,,,,,,,,,,,,,,
2666,,邮件传播,线性表,贪心算法,数学,,codeForces,,,,,,,,,,,,,,,,,,,,,
2948,,缘分计算,字符串,数学,,,codeForces,,,,,,,,,,,,,,,,,,,,,
2585,,在LR字符串中交换相邻字符,数字操作,双指针,,,leetcode中等,,,,,,,,,,,,,,,,,,,,,
2884,,侦察单位,数组,暴力,数组,,codeForces,,,,,,,,,,,,,,,,,,,,,
2360,,正方形数组的数目,数字操作,回溯算法,深度优先搜索,排序,leetcode困难,,,,,,,,,,,,,,,,,,,,,
2893,,只出现一次的数字,数组,位运算,哈希,,codeForces,,,,,,,,,,,,,,,,,,,,,
2536,,重新安排行程,查找算法,深度优先搜索,回溯算法,哈希,codeForces,,,,,,,,,,,,,,,,,,,,,
2246,,重新排序得到 2 的幂,数字操作,哈希,数学,,codeForces,,,,,,,,,,,,,,,,,,,,,
2736,,主席树2,树结构,主席树,线段树,,codeForces,,,,,,,,,,,,,,,,,,,,,
2980,,字符串编辑,字符串,动态规划,,,蓝桥杯,,,,,,,,,,,,,,,,,,,,,
2977,,字符串的反码,字符串,字符串,,,codeForces,,,,,,,,,,,,,,,,,,,,,
2986,,字符串的修改,字符串,动态规划,,,codeForces,,,,,,,,,,,,,,,,,,,,,
2991,,字符串分类统计,字符串,字符串,,,codeForces,,,,,,,,,,,,,,,,,,,,,
2987,,字符串正反连接,字符串,字符串,,,codeForces,,,,,,,,,,,,,,,,,,,,,
2988,,自定义函数之字符串拷贝,字符串,字符串,,,codeForces,,,,,,,,,,,,,,,,,,,,,
0,,子串游戏,,字符串,,,codeForces,,,,,,,,,,,,,,,,,,,,,
2545,,总和为0的子数组,线性表,哈希,滑窗,,geeksforgeeks easy,,,,,,,,,,,,,,,,,,,,,
2739,,组合总和,数组,数组,回溯算法,深度优先搜索,leetcode中等,,,,,,,,,,,,,,,,,,,,,
2897,,最大单词长度乘积,查找算法,位运算,,,leetcode中等,,,,,,,,,,,,,,,,,,,,,
2774,,最大化玩具,线性表,贪心算法,,,geeksforgeeks easy,,,,,,,,,,,,,,,,,,,,,
2738,,最大矩形,数组,哈希,动态规划,栈,leetcode困难,,,,,,,,,,,,,,,,,,,,,
2621,,最大子序和,数字操作,数组,分治算法,动态规划,leetcode简单,,,,,,,,,,,,,,,,,,,,,
2764,,最大总和问题,线性表,动态规划,,,geeksforgeeks easy,,,,,,,,,,,,,,,,,,,,,
2539,,最短无序连续子数组,数组,排序,双指针,贪心算法,leetcode简单,,,,,,,,,,,,,,,,,,,,,
2535,,最多能完成排序的块,排序算法,数组,栈,二分查找,leetcode中等,,,,,,,,,,,,,,,,,,,,,
2640,,最小覆盖子串,查找算法,哈希,双指针,滑窗,leetcode困难,,,,,,,,,,,,,,,,,,,,,
2750,,最小高度树,图结构,广度优先搜索,深度优先搜索,拓扑排序,leetcode中等,,,,,,,,,,,,,,,,,,,,,
2740,,最小时间差,字符串,排序,几何,双指针,leetcode中等,,,,,,,,,,,,,,,,,,,,,
2410,,最长定差子序列,数字操作,动态规划,哈希,,leetcode中等,,,,,,,,,,,,,,,,,,,,,
2967,,最长公共子串,字符串,动态规划,,,leetcode简单,,,,,,,,,,,,,,,,,,,,,
2741,,最长连续递增序列,查找算法,动态规划,双指针,贪心算法,codeForces,,,,,,,,,,,,,,,,,,,,,
2542,,最长连续序列,查找算法,哈希,并查集,动态规划,leetcode困难,,,,,,,,,,,,,,,,,,,,,
2475,,最长连续子序列,线性表,动态规划,,,geeksforgeeks easy,,,,,,,,,,,,,,,,,,,,,
2613,,Connell序列,数字操作,数学,,,geeksforgeeks easy,,,,,,,,,,,,,,,,,,,,,
2888,,Eugeny的数组,数组,贪心算法,,,codeForces,,,,,,,,,,,,,,,,,,,,,
2753,,K站中转内最便宜的航班,查找算法,广度优先搜索,深度优先搜索,动态规划,leetcode中等,,,,,,,,,,,,,,,,,,,,,
2758,,m叉树的数量,树结构,动态规划,图论,树形结构,洛谷省选,,,,,,,,,,,,,,,,,,,,,
2584,,Nim 游戏,数字操作,数学,动态规划,极小化极大,leetcode简单,,,,,,,,,,,,,,,,,,,,,
2811,,DZY喜欢哈希,数组,哈希,,,codeForces,,,,,,,,,,,,,,,,,,,,,
2399,,Gobosort,排序,贪心算法,数学,,洛谷省选,,,,,,,,,,,,,,,,,,,,,
2941,,GPA计算,字符串,字符串,,,codeForces,,,,,,,,,,,,,,,,,,,,,
2493,,HH的项链,字符串,线段树,二分查找,主席树,洛谷提高+,,,,,,,,,,,,,,,,,,,,,
2791,,谭雅爬楼梯,数组,模拟,概率论,,codeForces,,,,,,,,,,,,,,,,,,,,,
2790,,小于或等于查询,数组,排序,,,codeForces,,,,,,,,,,,,,,,,,,,,,
2603,,找出第k小的距离对,数组,二分查找,双指针,二分搜索,leetcode困难,,,,,,,,,,,,,,,,,,,,,
2789,,正方形屋顶,数组,数组,,,codeForces,,,,,,,,,,,,,,,,,,,,,
2800,,递增序列,数组,数组,,,codeForces,,,,,,,,,,,,,,,,,,,,,
2822,,纸牌游戏,数组,二分查找,,,codeForces,,,,,,,,,,,,,,,,,,,,,
2701,,找出井字棋的获胜者,数组,位运算,数学,哈希,leetcode简单,,,,,,,,,,,,,,,,,,,,,
2821,,塞雷贾和迪玛,数组,数组,,,codeForces,,,,,,,,,,,,,,,,,,,,,
2820,,瓦莱拉的咖啡店,数组,数组,,,codeForces,,,,,,,,,,,,,,,,,,,,,
2368,,交替重新排列阵列,数组,排序,数组,,codeForces,,,,,,,,,,,,,,,,,,,,,
2345,,查找缺失和重复,数组,数组,搜索,,geekforgeeks,,,,,,,,,,,,,,,,,,,,,
2365,,最大数字,数组,排序,,,leetcode中等,,,,,,,,,,,,,,,,,,,,,
2809,,连木棍成树,数组,排列组合,,,geekforgeeks,,,,,,,,,,,,,,,,,,,,,
2808,,交换元素,数组,,,,geekforgeeks,,,,,,,,,,,,,,,,,,,,,
2829,,数组的稳定性,数组,,,,codeForces,,,,,,,,,,,,,,,,,,,,,
2807,,Neko打开藏宝箱,数组,,,,codeForces,,,,,,,,,,,,,,,,,,,,,
2806,,达夫喜欢吃肉,数组,,,,codeForces,,,,,,,,,,,,,,,,,,,,,
2828,,跳塔手游,数组,,,,codeForces,,,,,,,,,,,,,,,,,,,,,
2827,,重力盒子,数组,,,,codeForces,,,,,,,,,,,,,,,,,,,,,
2805,,最长连续上升子序列,数组,,,,codeForces,,,,,,,,,,,,,,,,,,,,,
2804,,森雅学加法,数组,,,,codeForces,,,,,,,,,,,,,,,,,,,,,
2826,,卓越奖章,数组,,,,codeForces,,,,,,,,,,,,,,,,,,,,,
2825,,Smith的排名,数组,,,,codeForces,,,,,,,,,,,,,,,,,,,,,
2847,,瓦西亚的梦想,数组,,,,codeForces,,,,,,,,,,,,,,,,,,,,,
2081,,子串查找,字符串,,,,codeForces,,,,,,,,,,,,,,,,,,,,,
2180,,找相同字符,字符串,,,,,,,,,,,,,,,,,,,,,,,,,
2190,,甲苯先生和大中锋的字符串,字符串,,,,codeForces,,,,,,,,,,,,,,,,,,,,,
2188,,字串覆盖,字符串,,,,codeForces,,,,,,,,,,,,,,,,,,,,,
2892,,梦中的统计,字符串,,,,,,,,,,,,,,,,,,,,,,,,,
2199,,猫咪,字符串,,,,,,,,,,,,,,,,,,,,,,,,,
2177,,Array Poisonous Suffix Problem,字符串,,,,,,,,,,,,,,,,,,,,,,,,,
2198,,求字符串所有后缀贡献最大值,字符串,,,,codeForces,,,,,,,,,,,,,,,,,,,,,
2164,,区分所有子字符串的最小更改,字符串,,,,geekforgeeks,,,,,,,,,,,,,,,,,,,,,
2196,,Samjia和矩阵,字符串,后缀数组,,,codeForces,,,,,,,,,,,,,,,,,,,,,
2531,,根据字符出现频率排序,字符串,堆,哈希表,,leetcode中等,,,,,,,,,,,,,,,,,,,,,
2894,,honoka的键盘,字符串,,,,,,,,,,,,,,,,,,,,,,,,,
2530,,自定义字符串排序,字符串,,,,leetcode中等,,,,,,,,,,,,,,,,,,,,,
2178,,生成魔咒,字符串,,,,,,,,,,,,,,,,,,,,,,,,,
2200,,好坏字符串,字符串,,,,,,,,,,,,,,,,,,,,,,,,,
2908,,单词分类,字符串,,,,,,,,,,,,,,,,,,,,,,,,,
2936,,电话号码,字符串,,,,,,,,,,,,,,,,,,,,,,,,,
2474,,最长有效括号,线性表,字符串,动态规划,,leetcode困难,,,,,,,,,,,,,,,,,,,,,
2592,,矩形围成一圈,线性表,数学,,,geekforgeeks,,,,,,,,,,,,,,,,,,,,,
2173,,特殊奇数和,线性表,序列,,,geekforgeeks,,,,,,,,,,,,,,,,,,,,,
2172,,后缀转中缀,线性表,表达评估,,,,,,,,,,,,,,,,,,,,,,,,
2171,,隔离链接列表中的偶数和奇数节点,线性表,,,,,,,,,,,,,,,,,,,,,,,,,
2647,,收集树木,线性表,,,,,,,,,,,,,,,,,,,,,,,,,
2548,,最长K个唯一字符子字符串,线性表,哈希,字符串,,geekforgeeks,,,,,,,,,,,,,,,,,,,,,
2547,,计算差异为k的不重复对,线性表,哈希,排序,,geekforgeeks,,,,,,,,,,,,,,,,,,,,,
2589,,卢卡斯数,线性表,动态规划,数学,,geekforgeeks,,,,,,,,,,,,,,,,,,,,,
2169,,后缀表达的评估,线性表,表达评估,,,geekforgeeks,,,,,,,,,,,,,,,,,,,,,
2145,,直方图中的最大矩形面积,线性表,数学,,,leetcode中等,,,,,,,,,,,,,,,,,,,,,
2607,,等于0、1和2,线性表,哈希,字符串,,geekforgeeks,,,,,,,,,,,,,,,,,,,,,
2629,,艾莉亚与大战,线性表,bit magic,,,geekforgeeks,,,,,,,,,,,,,,,,,,,,,
2561,,计算矩阵对的总和,线性表,二分查找,排序,数学,geekforgeeks,,,,,,,,,,,,,,,,,,,,,
2186,,特殊序列和,线性表,,,,,,,,,,,,,,,,,,,,,,,,,
2142,,打印支架编号,线性表,数学,栈,,geekforgeeks,,,,,,,,,,,,,,,,,,,,,
2185,,序列元素,线性表,哈希,排序,,geekforgeeks,,,,,,,,,,,,,,,,,,,,,
2482,,一个简单的分数,线性表,哈希,数学,,geekforgeeks,,,,,,,,,,,,,,,,,,,,,
2141,,生成二进制数,线性表,数学,,,geekforgeeks,,,,,,,,,,,,,,,,,,,,,
2184,,差异系列,线性表,数学,序列,,geekforgeeks,,,,,,,,,,,,,,,,,,,,,
2140,,卡旋转,线性表,排列组合,数学,,geekforgeeks,,,,,,,,,,,,,,,,,,,,,
2183,,总和第N行,线性表,bit magic,数学,,geekforgeeks,,,,,,,,,,,,,,,,,,,,,
2182,,安全游戏,线性表,,,,,,,,,,,,,,,,,,,,,,,,,
2181,,X1序列,线性表,,,,,,,,,,,,,,,,,,,,,,,,,
2614,,索引计数,线性表,哈希,排序,,geekforgeeks,,,,,,,,,,,,,,,,,,,,,
2558,,计算逆转,线性表,,,,,,,,,,,,,,,,,,,,,,,,,
2610,,长度总和,线性表,模式匹配,字符串,,geekforgeeks,,,,,,,,,,,,,,,,,,,,,
2212,,号码不足,线性表,,,,,,,,,,,,,,,,,,,,,,,,,
2618,,早会,线性表,,,,,,,,,,,,,,,,,,,,,,,,,
2617,,包含K个的子字符串的计数,线性表,字符串,,,geekforgeeks,,,,,,,,,,,,,,,,,,,,,
2615,,ASCII码的降序排列,线性表,贪心算法,字符串,,geekforgeeks,,,,,,,,,,,,,,,,,,,,,
2494,,翻转对,数组,树状数组,二分查找,分治算法,leetcode困难,,,,,,,,,,,,,,,,,,,,,
2373,,斯蒂克勒小偷,数组,数组,动态规划,,geekforgeeks,,,,,,,,,,,,,,,,,,,,,
2252,,计数字词的出现次数,数组,模式匹配,字符串,,geekforgeeks,,,,,,,,,,,,,,,,,,,,,
2395,,简化阵列,数组,,,,,,,,,,,,,,,,,,,,,,,,,
2394,,将所有零移动到数组末尾,数组,数学,,,geekforgeeks,,,,,,,,,,,,,,,,,,,,,
2371,,拯救钢铁侠,数组,字符串,,,geekforgeeks,,,,,,,,,,,,,,,,,,,,,
2392,,乘积相同,数组,数学,递归,,geekforgeeks,,,,,,,,,,,,,,,,,,,,,
2193,,事情的相似度,数组,,,,,,,,,,,,,,,,,,,,,,,,,
2426,,三大候选人,数组,数学,,,geekforgeeks,,,,,,,,,,,,,,,,,,,,,
2425,,查找最近的号码,数组,分治算法,二分查找,,geekforgeeks,,,,,,,,,,,,,,,,,,,,,
2424,,寻找奇数,数组,bit magic,哈希,,geekforgeeks,,,,,,,,,,,,,,,,,,,,,
2203,,LJJ的字符串,数组,字符串,,,,,,,,,,,,,,,,,,,,,,,,
2467,,两个排序数组的第K个元素,数组,分治算法,二分查找,,geekforgeeks,,,,,,,,,,,,,,,,,,,,,
2346,,螺旋遍历矩阵,数组,数学,,,leetcode中等,,,,,,,,,,,,,,,,,,,,,
2423,,另一个数组的数组子集,数组,哈希,二分查找,,geekforgeeks,,,,,,,,,,,,,,,,,,,,,
2466,,计算可能的三角形,数组,数学,,,geekforgeeks,,,,,,,,,,,,,,,,,,,,,
2389,,波浪数组,数组,数学,,,geekforgeeks,,,,,,,,,,,,,,,,,,,,,
2344,,旋转阵列,数组,贪心算法,,,geekforgeeks,,,,,,,,,,,,,,,,,,,,,
2388,,检查两个数组是否相等,数组,哈希,排序,,geekforgeeks,,,,,,,,,,,,,,,,,,,,,
2442,,最大间距,数组,排序,,,leetcode困难,,,,,,,,,,,,,,,,,,,,,
2209,,TheABCDMurderer,数组,,,,,,,,,,,,,,,,,,,,,,,,,
2527,,餐厅过滤器,数组,排序,,,leetcode中等,,,,,,,,,,,,,,,,,,,,,
2342,,反转K个组元素,数组,数学,,,geekforgeeks,,,,,,,,,,,,,,,,,,,,,
2386,,四元素,数组,哈希,数学,,geekforgeeks,,,,,,,,,,,,,,,,,,,,,
2341,,合并时没有多余的空间,数组,排序,数学,,geekforgeeks,,,,,,,,,,,,,,,,,,,,,
2340,,困雨水,数组,,,,,,,,,,,,,,,,,,,,,,,,,
2283,,对0、1和2的数组进行排序,数组,排序,,,geekforgeeks,,,,,,,,,,,,,,,,,,,,,
2061,,求到达数组末端的最小移动数,数组,动态规划,数学,,geekforgeeks,,,,,,,,,,,,,,,,,,,,,
2280,,数组中缺少数字,数组,搜素,,,geekforgeeks,,,,,,,,,,,,,,,,,,,,,
2438,,颜色分类,数组,排序,双指针,,leetcode中等,,,,,,,,,,,,,,,,,,,,,
2339,,Inversion of array,数组,排序,,,geekforgeeks,,,,,,,,,,,,,,,,,,,,,
2338,,成对元素,数组,哈希,排序,,geekforgeeks,,,,,,,,,,,,,,,,,,,,,
2359,,三元组计数,数组,数学,,,geekforgeeks,,,,,,,,,,,,,,,,,,,,,
2358,,k个最大元素,数组,堆,分治算法,,geekforgeeks,,,,,,,,,,,,,,,,,,,,,
2357,,查找给定总和的所有对,数组,哈希,搜索,,geekforgeeks,,,,,,,,,,,,,,,,,,,,,
2356,,左侧较小而右侧较大的元素,数组,搜索,,,geekforgeeks,,,,,,,,,,,,,,,,,,,,,
2279,,给定总和的子数组,数组,数学,,,geekforgeeks,,,,,,,,,,,,,,,,,,,,,
2179,,字符串,数组,字符串,,,,,,,,,,,,,,,,,,,,,,,,
2278,,Xor运算,数组,,,,,,,,,,,,,,,,,,,,,,,,,
2211,,皇室夫人的名字,数组,,,,,,,,,,,,,,,,,,,,,,,,,
2463,,两数之和 II - 输入有序数组,查找算法,双指针,二分查找,,leetcode简单,,,,,,,,,,,,,,,,,,,,,
2397,,排序二叉树,查找算法,二叉树,排序,,leetcode中等,,,,,,,,,,,,,,,,,,,,,
2451,,搜索插入位置,查找算法,二分查找,,,leetcode简单,,,,,,,,,,,,,,,,,,,,,
2462,,寻找峰值,查找算法,二分查找,,,leetcode中等,,,,,,,,,,,,,,,,,,,,,
2450,,在排序数组中查找元素的第一个和最后一个位置,查找算法,二分查找,,,leetcode中等,,,,,,,,,,,,,,,,,,,,,
2461,,寻找旋转排序数组中的最小值 II,查找算法,二分查找,,,leetcode困难,,,,,,,,,,,,,,,,,,,,,
2174,,The Bridge on the River Kawaii,查找算法,,,,,,,,,,,,,,,,,,,,,,,,,
2449,,搜索旋转排序数组,查找算法,二分查找,,,leetcode中等,,,,,,,,,,,,,,,,,,,,,
2514,,判断子序列,查找算法,二分查找,贪心算法,动态规划,leetcode简单,,,,,,,,,,,,,,,,,,,,,
2445,,有效的字母异位词,查找算法,排序,哈希表,,leetcode简单,,,,,,,,,,,,,,,,,,,,,
2115,,染色,查找算法,深度优先搜索,,,leetcode中等,,,,,,,,,,,,,,,,,,,,,
2454,,寻找旋转排序数组中的最小值,查找算法,二分查找,,,leetcode困难,,,,,,,,,,,,,,,,,,,,,
2465,,H指数 II,查找算法,二分查找,,,leetcode中等,,,,,,,,,,,,,,,,,,,,,
2453,,搜索旋转排序数组 II,查找算法,数组,二分查找,,leetcode中等,,,,,,,,,,,,,,,,,,,,,
2464,,长度最小的子数组,查找算法,数组,双指针,二分查找,leetcode中等,,,,,,,,,,,,,,,,,,,,,
2506,,最长上升子序列,查找算法,二分查找,动态规划,,leetcode中等,,,,,,,,,,,,,,,,,,,,,
2505,,寻找重复数,查找算法,数组,双指针,二分查找,leetcode中等,,,,,,,,,,,,,,,,,,,,,
2412,,循环排序,排序算法,并查集,贪心算法,,eJOI2018,,,,,,,,,,,,,,,,,,,,,
2444,,存在重复元素,排序算法,数组,哈希表,,leetcode简单,,,,,,,,,,,,,,,,,,,,,
2387,,局部排序,排序算法,队列,,,,,,,,,,,,,,,,,,,,,,,,
2441,,排序链表,排序算法,线性表,归并排序,,leetcode中等,,,,,,,,,,,,,,,,,,,,,
2440,,对链表进行插入排序,排序算法,线性表,插入排序,,leetcode中等,,,,,,,,,,,,,,,,,,,,,
2396,,排序机械臂,排序算法,树堆,伸展树,,CQOI2014,,,,,,,,,,,,,,,,,,,,,
2152,,魔方俱乐部,排序算法,模拟,,,洛谷普及/提高-,,,,,,,,,,,,,,,,,,,,,
2490,,两个数组的交集,排序算法,哈希表,双指针,二分查找,leetcode简单,,,,,,,,,,,,,,,,,,,,,
2390,,排序交换,排序算法,深度优先搜索,,,洛谷省选/NOI-,,,,,,,,,,,,,,,,,,,,,
2070,,"Pow(x, n)",数字操作,数学,二分查找,,leetcode中等,,,,,,,,,,,,,,,,,,,,,
2111,,丑数 II,数字操作,堆,数学,动态规划,leetcode中等,,,,,,,,,,,,,,,,,,,,,
2099,,Excel表列序号,数字操作,数学,,,leetcode简单,,,,,,,,,,,,,,,,,,,,,
2110,,丑数,数字操作,数学,,,leetcode简单,,,,,,,,,,,,,,,,,,,,,
2153,,整数反转,数字操作,数学,,,leetcode简单,,,,,,,,,,,,,,,,,,,,,
2098,,?Excel表列名称,数字操作,数学,,,leetcode简单,,,,,,,,,,,,,,,,,,,,,
2097,,分数到小数,数字操作,哈希表,数学,,leetcode中等,,,,,,,,,,,,,,,,,,,,,
2096,,x 的平方根,数字操作,数学,二分查找,,leetcode简单,,,,,,,,,,,,,,,,,,,,,
2095,,?二进制求和,数字操作,数学,字符串,,leetcode简单,,,,,,,,,,,,,,,,,,,,,
2094,,有效数字,数字操作,数学,字符串,,leetcode困难,,,,,,,,,,,,,,,,,,,,,
2093,,第k个排列,数字操作,数学,回溯算法,,leetcode中等,,,,,,,,,,,,,,,,,,,,,
2108,,数字 1 的个数,数字操作,数学,,,leetcode困难,,,,,,,,,,,,,,,,,,,,,
2106,,基本计算器,数字操作,栈,数学,,leetcode困难,,,,,,,,,,,,,,,,,,,,,
2127,,超级次方,数字操作,数学,,,leetcode中等,,,,,,,,,,,,,,,,,,,,,
2105,,矩形面积,数字操作,数学,,,leetcode中等,,,,,,,,,,,,,,,,,,,,,
2126,,最大整除子集,数字操作,数学,动态规划,,leetcode中等,,,,,,,,,,,,,,,,,,,,,
2069,,字符串相乘,数字操作,数学,字符串,,leetcode中等,,,,,,,,,,,,,,,,,,,,,
2068,,两数相除,数字操作,数学,二分查找,,leetcode中等,,,,,,,,,,,,,,,,,,,,,
2109,,各位相加,数字操作,数学,,,leetcode简单,,,,,,,,,,,,,,,,,,,,,
2067,,整数转罗马数字,数字操作,数学,字符串,,leetcode中等,,,,,,,,,,,,,,,,,,,,,
2100,,阶乘后的零,数字操作,数学,,,leetcode简单,,,,,,,,,,,,,,,,,,,,,
2122,,水壶问题,数字操作,数学,,,leetcode中等,,,,,,,,,,,,,,,,,,,,,
2121,,?计算各个位数不同的数字个数,数字操作,数学,动态规划,回溯算法,leetcode中等,,,,,,,,,,,,,,,,,,,,,
2065,,字符串转换整数,数字操作,数学,字符串,,leetcode中等,,,,,,,,,,,,,,,,,,,,,
2120,,整数拆分,数字操作,数学,动态规划,,leetcode中等,,,,,,,,,,,,,,,,,,,,,
2064,,罗马数字转整数,数字操作,数学,字符串,,leetcode简单,,,,,,,,,,,,,,,,,,,,,
2063,,回文数,数字操作,数学,,,leetcode简单,,,,,,,,,,,,,,,,,,,,,
2119,,路径交叉,数字操作,数学,,,leetcode困难,,,,,,,,,,,,,,,,,,,,,
2117,,灯泡开关,数字操作,数学,,,leetcode中等,,,,,,,,,,,,,,,,,,,,,
2116,,超级丑数,数字操作,堆,数学,,leetcode中等,,,,,,,,,,,,,,,,,,,,,
2114,,完全平方数,数字操作,广度优先搜多,数学,动态规划,leetcode中等,,,,,,,,,,,,,,,,,,,,,
2113,,整数转换英文表示,数字操作,数学,字符串,,leetcode困难,,,,,,,,,,,,,,,,,,,,,
2134,,可怜的小猪,数字操作,数学,,,leetcode困难,,,,,,,,,,,,,,,,,,,,,
2253,,二逼平衡树,树结构,?树套树,高性能,,洛谷省选/NOI-,,,,,,,,,,,,,,,,,,,,,
2296,,指定累加和的最长路径长度,树结构,模拟,树,,牛客网两星,,,,,,,,,,,,,,,,,,,,,
2295,,节点的最近公共祖先,树结构,最近公共祖先,,,洛谷普及/提高-,,,,,,,,,,,,,,,,,,,,,
2273,,苹果树,树结构,单调队列,枚举,,SDOI2017,,,,,,,,,,,,,,,,,,,,,
2291,,哈夫曼树,树结构,贪心算法,,,牛客网三星,,,,,,,,,,,,,,,,,,,,,
2304,,按层和ZigZag打印二叉树,树结构,模拟,树,,牛客网两星,,,,,,,,,,,,,,,,,,,,,
2301,,字典树的实现,树结构,高级结构,,,牛客网三星,,,,,,,,,,,,,,,,,,,,,
2289,,根据后序数组重建搜索二叉树,树结构,模拟,树,,牛客网一星,,,,,,,,,,,,,,,,,,,,,
2300,,二叉树遍历,树结构,树,深度优先搜索,,牛客网三星,,,,,,,,,,,,,,,,,,,,,
2168,,求权值和最小的边集的子集,树结构,生成树,,,洛谷普及-,,,,,,,,,,,,,,,,,,,,,
2288,,二叉树,树结构,树,,,codeForces,,,,,,,,,,,,,,,,,,,,,
2266,,独特的树叶,树结构,深度优先搜索,哈希,,JSOI2016,,,,,,,,,,,,,,,,,,,,,
2167,,graph,树结构,模拟,搜索,递归,洛谷普及-,,,,,,,,,,,,,,,,,,,,,
2308,,后继节点,树结构,模拟,树,,牛客网两星,,,,,,,,,,,,,,,,,,,,,
2406,,冒泡排序,树结构,树状数组,卡特兰,栈,NOI2018,,,,,,,,,,,,,,,,,,,,,
2286,,剩下的树,树结构,数组,栈,哈希,牛客网三星,,,,,,,,,,,,,,,,,,,,,
2383,,树的分解,树结构,贪心算法,深度优先搜索,树形结构,洛谷普及/提高-,,,,,,,,,,,,,,,,,,,,,
2415,,加分二叉树,树结构,动态规划,递归,枚举,洛谷普及+/提高,,,,,,,,,,,,,,,,,,,,,
2315,,树的高度,树结构,树,,,牛客网三星,,,,,,,,,,,,,,,,,,,,,
2237,,文艺平衡树,树结构,平衡树,伸展树,,洛谷提高+/省选-,,,,,,,,,,,,,,,,,,,,,
2236,,普通平衡树,树结构,平衡树,,,洛谷提高+/省选-,,,,,,,,,,,,,,,,,,,,,
2378,,局域网,树结构,图,并查集,生成树,洛谷普及/提高-,,,,,,,,,,,,,,,,,,,,,
2312,,统计和生成所有不同的二叉树,树结构,树,,,牛客网两星,,,,,,,,,,,,,,,,,,,,,
2311,,求和树,树结构,模拟,递归,,牛客网两星,,,,,,,,,,,,,,,,,,,,,
2299,,二叉搜索树,树结构,树,高级结构,深度优先搜索,牛客网四星,,,,,,,,,,,,,,,,,,,,,
2439,,异或,树结构,贪心,可持久化,进制,洛谷省选/NOI-,,,,,,,,,,,,,,,,,,,,,
2080,,广度优先遍历图,图结构,邻接表,广度优先遍历,图,洛谷普及+/提高,,,,,,,,,,,,,,,,,,,,,
2091,,二分图匹配超级英雄,图结构,最大匹配,二分图,,洛谷提高+/省选-,,,,,,,,,,,,,,,,,,,,,
2090,,图论-网络,图结构,高性能,,,CTSC2017,,,,,,,,,,,,,,,,,,,,,
2089,,图论-最短路径树问题,图结构,树,,,洛谷省选/NOI-,,,,,,,,,,,,,,,,,,,,,
2088,,图论-黑暗前的幻想乡,图结构,生成树,容斥,,洛谷省选/NOI-,,,,,,,,,,,,,,,,,,,,,
2087,,图论-子集,图结构,图,,,,,,,,,,,,,,,,,,,,,,,,
2086,,图论-最小生成树,图结构,生成树,,,WC2012,,,,,,,,,,,,,,,,,,,,,
2085,,图论-最小树形图,图结构,图,贪心,强连通分量,洛谷省选/NOI-,,,,,,,,,,,,,,,,,,,,,
2084,,图论-非负权单源最短路,图结构,优先队列,斜堆,,洛谷普及/提高-,,,,,,,,,,,,,,,,,,,,,
2139,,道路阻断,图结构,线段树,深度优先搜索,树链剖分,洛谷省选/NOI-,,,,,,,,,,,,,,,,,,,,,
2104,,图论-信息传递,图结构,图论,并查集,,洛谷普及/提高-,,,,,,,,,,,,,,,,,,,,,
2103,,图论-求和,图结构,倍增,深度优先搜索,最近公共祖先,洛谷提高+/省选-,,,,,,,,,,,,,,,,,,,,,
2124,,反色游戏,图结构,图,,,HAOI2018,,,,,,,,,,,,,,,,,,,,,
2151,,生成树求和,树结构,生成树,,,长乐集训2017,,,,,,,,,,,,,,,,,,,,,
2149,,寻找 LCT,树结构,树型动规,,,洛谷省选/NOI-,,,,,,,,,,,,,,,,,,,,,
2803,,点亮路灯,数组,数学,,,,,,,,,,,,,,,,,,,,,,,,
2846,,Nastya的密码锁,数组,排序,模拟,,,,,,,,,,,,,,,,,,,,,,,
2802,,分糖果,数组,哈希表,,,leetcode简单,,,,,,,,,,,,,,,,,,,,,
2747,,单词接龙,数组,广度优先搜索,,,leetcode中等,,,,,,,,,,,,,,,,,,,,,
2385,,不允许连续1,数组,斐波那契,动态规划,二进制,geeksforgeeks,,,,,,,,,,,,,,,,,,,,,
2812,,信息学奥林匹克,数组,枚举,广度优先搜索,,codeforces,,,,,,,,,,,,,,,,,,,,,
2833,,倒可乐,数组,贪心,,,codeforces,,,,,,,,,,,,,,,,,,,,,
2799,,赌场出价,数组,贪心,模拟,,codeforces,,,,,,,,,,,,,,,,,,,,,
2810,,准二进制,数组,动态规划,贪心,构造算法,codeforces,,,,,,,,,,,,,,,,,,,,,
2798,,一分为三,数组,二分查找,动态规划,,codeforces,,,,,,,,,,,,,,,,,,,,,
2433,,合并区间,数组,排序,,,leetcode中等,,,,,,,,,,,,,,,,,,,,,
2795,,最小的非负整数D,数组,贪心,,,codeforces,,,,,,,,,,,,,,,,,,,,,
2794,,书架上找书,数组,深度优先搜索,,,codeforces,,,,,,,,,,,,,,,,,,,,,
2818,,德武是个笨蛋,数组,排序,,,codeforces,,,,,,,,,,,,,,,,,,,,,
2839,,名字列表,数组,哈希,,,codeforces,,,,,,,,,,,,,,,,,,,,,
2817,,三人游戏组,数组,分块,,,codeforces,,,,,,,,,,,,,,,,,,,,,
2816,,黑板上的数字,数组,模拟,,,codeforces,,,,,,,,,,,,,,,,,,,,,
2814,,排队购物,数组,贪心,,,codeforces,,,,,,,,,,,,,,,,,,,,,
2813,,纸牌游戏获胜者,数组,模拟,,,codeforces,,,,,,,,,,,,,,,,,,,,,
2290,,下一个较小元素,线性表,栈,搜索,,geeksforgeeks,,,,,,,,,,,,,,,,,,,,,
2210,,字符串中最小的滑窗,线性表,哈希,字符串,,geeksforgeeks,,,,,,,,,,,,,,,,,,,,,
2231,,折点数,线性表,深度优先搜索,图,,geeksforgeeks,,,,,,,,,,,,,,,,,,,,,
2472,,非重复字符,线性表,字符串,,,geeksforgeeks,,,,,,,,,,,,,,,,,,,,,
2593,,满足方程式,线性表,哈希,,,geeksforgeeks,,,,,,,,,,,,,,,,,,,,,
2546,,帕多万序列,线性表,数学,动态规划,,geeksforgeeks,,,,,,,,,,,,,,,,,,,,,
2689,,最短的通用超序列,线性表,动态规划,子序列,,geeksforgeeks,,,,,,,,,,,,,,,,,,,,,
2688,,完美总和问题,线性表,动态规划,,,geeksforgeeks,,,,,,,,,,,,,,,,,,,,,
2687,,具有1到n范围内的交替位的数字,线性表,bit magic,,,geeksforgeeks,,,,,,,,,,,,,,,,,,,,,
2686,,最大利润,线性表,数学,动态规划,,geeksforgeeks,,,,,,,,,,,,,,,,,,,,,
2685,,位数为N且可被10 ^ N整除的最小数字,线性表,贪心算法,数学,字符串,geeksforgeeks,,,,,,,,,,,,,,,,,,,,,
2684,,禁止跳过任务,线性表,动态规划,数学,,geeksforgeeks,,,,,,,,,,,,,,,,,,,,,
2208,,左边最小的数字,线性表,栈,,,geeksforgeeks,,,,,,,,,,,,,,,,,,,,,
2287,,下一个更大的元素,线性表,栈,,,geeksforgeeks,,,,,,,,,,,,,,,,,,,,,
2683,,子序列增加,线性表,动态规划,,,geeksforgeeks,,,,,,,,,,,,,,,,,,,,,
2682,,将所有位设置为数字的给定范围,线性表,bit magic,,,geeksforgeeks,,,,,,,,,,,,,,,,,,,,,
2681,,最小操作数,线性表,动态规划,,,geeksforgeeks,,,,,,,,,,,,,,,,,,,,,
2680,,唯一路径数,线性表,动态规划,,,geeksforgeeks,,,,,,,,,,,,,,,,,,,,,
2481,,两个数组的交集,线性表,哈希,数学,,geeksforgeeks,,,,,,,,,,,,,,,,,,,,,
2480,,隔离链表中的偶数和奇数节点,线性表,链表,,,geeksforgeeks,,,,,,,,,,,,,,,,,,,,,
2281,,领导者阵列,线性表,数组,,,geeksforgeeks,,,,,,,,,,,,,,,,,,,,,
2679,,在给定约束下可以使用a，b和c形成的字符串数,线性表,动态规划,,,geeksforgeeks,,,,,,,,,,,,,,,,,,,,,
2479,,不常见字符,线性表,哈希,,,geeksforgeeks,,,,,,,,,,,,,,,,,,,,,
2677,,计算零Xor对,线性表,数学,,,geeksforgeeks,,,,,,,,,,,,,,,,,,,,,
2478,,算术级数,线性表,数学,,,geeksforgeeks,,,,,,,,,,,,,,,,,,,,,
2676,,大小为K的最大和子数组,线性表,动态规划,,,geeksforgeeks,,,,,,,,,,,,,,,,,,,,,
2675,,糊涂的巴布,线性表,字符串,逻辑,,geeksforgeeks,,,,,,,,,,,,,,,,,,,,,
2477,,重叠矩形,线性表,几何,数学,,geeksforgeeks,,,,,,,,,,,,,,,,,,,,,
2944,,表达式括号匹配,字符串,字符串,线性结构,栈,洛谷入门,,,,,,,,,,,,,,,,,,,,,
2964,,说无可说,字符串,字符串,哈希,,LibreOJ,,,,,,,,,,,,,,,,,,,,,
2951,,尴尬的数字,字符串,模拟,数学,枚举,洛谷普及/提高-,,,,,,,,,,,,,,,,,,,,,
2962,,字符串关键字的散列映射,字符串,字符串,哈希,,PTA,,,,,,,,,,,,,,,,,,,,,
2940,,秘密文件,字符串,动态规划,,,洛谷省选/NOI-,,,,,,,,,,,,,,,,,,,,,
2950,,字符串分解,字符串,字符串,,,洛谷普及-,,,,,,,,,,,,,,,,,,,,,
2960,,残缺字符,字符串,字符串,数学,快速傅里叶变换,洛谷省选/NOI-,,,,,,,,,,,,,,,,,,,,,
2939,,删数问题,字符串,模拟,贪心算法,队列,洛谷普及+/提高,,,,,,,,,,,,,,,,,,,,,
2938,,按序排列,字符串,排列,哈希,,,,,,,,,,,,,,,,,,,,,,,
2949,,数字游戏,字符串,递归,栈,,洛谷入门,,,,,,,,,,,,,,,,,,,,,
2937,,找不同,字符串,字符串,,,洛谷入门,,,,,,,,,,,,,,,,,,,,,
2959,,找相同字符,字符串,字符串,后缀数组,,洛谷省选/NOI-,,,,,,,,,,,,,,,,,,,,,
2935,,QAQ,字符串,字符串,递归,枚举,洛谷入门,,,,,,,,,,,,,,,,,,,,,
2912,,无重复字符的最长子串,字符串,哈希,双指针,字符串,leetcode中等,,,,,,,,,,,,,,,,,,,,,
2251,,最大三角形面积,数字操作,数学,,,leetcode简单,,,,,,,,,,,,,,,,,,,,,
2328,,给定数字能组成的最大时间,数字操作,数学,,,leetcode简单,,,,,,,,,,,,,,,,,,,,,
2229,,全局倒置与局部倒置,数字操作,数学,数组,,leetcode中等,,,,,,,,,,,,,,,,,,,,,
2327,,增减字符串匹配,数字操作,数学,,,leetcode简单,,,,,,,,,,,,,,,,,,,,,
2228,,到达终点数字,数字操作,数学,,,leetcode中等,,,,,,,,,,,,,,,,,,,,,
2249,,三维形体投影面积,数字操作,数学,,,leetcode简单,,,,,,,,,,,,,,,,,,,,,
2325,,卡牌分组,数字操作,数学,数组,,leetcode简单,,,,,,,,,,,,,,,,,,,,,
2248,,第 N 个神奇数字,数字操作,数学,二分查找,,leetcode困难,,,,,,,,,,,,,,,,,,,,,
2247,,石子游戏,数字操作,数学,动态规划,极小化极大,leetcode中等,,,,,,,,,,,,,,,,,,,,,
2225,,灯泡开关 Ⅱ,数字操作,数学,脑筋急转弯,,leetcode中等,,,,,,,,,,,,,,,,,,,,,
2323,,?最小差值 I,数字操作,数学,,,leetcode简单,,,,,,,,,,,,,,,,,,,,,
2224,,最大交换,数字操作,数学,数组,,leetcode中等,,,,,,,,,,,,,,,,,,,,,
2244,,回文素数,数字操作,数学,,,leetcode中等,,,,,,,,,,,,,,,,,,,,,
2222,,求解方程,数字操作,数学,,,leetcode中等,,,,,,,,,,,,,,,,,,,,,
2166,,卡旋转,数字操作,数学,几何,,leetcode中等,,,,,,,,,,,,,,,,,,,,,
2243,,镜面反射,数字操作,数学,几何,,leetcode中等,,,,,,,,,,,,,,,,,,,,,
2320,,?有序队列,数字操作,数学,字符串,,leetcode困难,,,,,,,,,,,,,,,,,,,,,
2242,,矩形重叠,数字操作,数学,,,leetcode简单,,,,,,,,,,,,,,,,,,,,,
2241,,连续整数求和,数字操作,数学,,,leetcode困难,,,,,,,,,,,,,,,,,,,,,
2163,,第k个排列,数字操作,数学,回溯算法,,leetcode中等,,,,,,,,,,,,,,,,,,,,,
2162,,"Pow(x, n)",数字操作,数学,二分查找,,leetcode中等,,,,,,,,,,,,,,,,,,,,,
2317,,子序列宽度之和,数字操作,数学,数组,,leetcode困难,,,,,,,,,,,,,,,,,,,,,
2217,,有效的正方形,数字操作,数学,,,leetcode中等,,,,,,,,,,,,,,,,,,,,,
2238,,森林中的兔子,数字操作,数学,哈希,,leetcode中等,,,,,,,,,,,,,,,,,,,,,
2216,,分数加减运算,数字操作,数学,,,leetcode中等,,,,,,,,,,,,,,,,,,,,,
2214,,复数乘法,数字操作,数学,字符串,,leetcode中等,,,,,,,,,,,,,,,,,,,,,
2334,,三角形的最大周长,数字操作,数学,排序,,leetcode简单,,,,,,,,,,,,,,,,,,,,,
2333,,强整数,数字操作,数学,哈希表,,leetcode简单,,,,,,,,,,,,,,,,,,,,,
2376,,除数博弈,数字操作,数学,动态规划,,leetcode简单,,,,,,,,,,,,,,,,,,,,,
2277,,鸡蛋掉落,数字操作,数学,动态规划,二分查找,leetcode困难,,,,,,,,,,,,,,,,,,,,,
2319,,三维形体的表面积,数字操作,数学,几何,,leetcode简单,,,,,,,,,,,,,,,,,,,,,
2221,,受欢迎的牛,图结构,图论,栈,强连通分量,提高+/省选-,,,,,,,,,,,,,,,,,,,,,
2254,,分离的路径,图结构,,,,geeksforgeeks,,,,,,,,,,,,,,,,,,,,,
2232,,网络协议,图结构,强连通分量,,,IOI1996,,,,,,,,,,,,,,,,,,,,,
2265,,电话线缆网络,图结构,强连通分量,搜索树,割点,CEOI1996,,,,,,,,,,,,,,,,,,,,,
2165,,广度优先遍历图,图结构,广度优先搜索,图论,搜索,洛谷普及+/提高,,,,,,,,,,,,,,,,,,,,,
2264,,矿场搭建,图结构,深度优先搜索,割点,,洛谷省选/NOI-,,,,,,,,,,,,,,,,,,,,,
2175,,Trees Gump,图结构,深度优先搜索,邻接表,,CERC2018,,,,,,,,,,,,,,,,,,,,,
2337,,游戏泡泡堂,图结构,最大匹配,网络流,二分图,洛谷省选/NOI-,,,,,,,,,,,,,,,,,,,,,
2303,,太鼓达人,图结构,搜索,欧拉图,,BZOJ3033,,,,,,,,,,,,,,,,,,,,,
2213,,小奇的旅行计划,图结构,动态规划,滑动数组,,USOJ5528,,,,,,,,,,,,,,,,,,,,,
2234,,间谍网络,图结构,图论,强连通分量,栈,洛谷提高+/省选-,,,,,,,,,,,,,,,,,,,,,
2233,,消息的传递,图结构,强连通分量,,,AcWing中等,,,,,,,,,,,,,,,,,,,,,
2309,,Misaka Network 与测试,图结构,图论,,,LOJ569,,,,,,,,,,,,,,,,,,,,,
2692,,在D天内送达包裹的能力,查找算法,数组,二分查找,,leetcode中等,,,,,,,,,,,,,,,,,,,,,
2702,,岛屿数量,查找算法,深度优先搜索,广度优先搜索,并查集,leetcode中等,,,,,,,,,,,,,,,,,,,,,
2635,,阶乘函数后K个零,查找算法,二分查找,,,leetcode困难,,,,,,,,,,,,,,,,,,,,,
2634,,第K个最小的素数分数,查找算法,二分查找,堆,,leetcode困难,,,,,,,,,,,,,,,,,,,,,
2513,,有序矩阵中第K小的元素,查找算法,二分查找,堆,,leetcode中等,,,,,,,,,,,,,,,,,,,,,
2645,,爱吃香蕉的珂珂,查找算法,二分查找,,,leetcode中等,,,,,,,,,,,,,,,,,,,,,
2644,,和至少为K的最短子数组,查找算法,二分查找,队列,,leetcode困难,,,,,,,,,,,,,,,,,,,,,
2643,,爱生气的书店老板,查找算法,数组,滑动窗口,,leetcode中等,,,,,,,,,,,,,,,,,,,,,
2566,,地下城游戏,查找算法,二分查找,动态规划,,leetcode困难,,,,,,,,,,,,,,,,,,,,,
2565,,寻找两个有序数组的中位数,查找算法,数组,二分查找,分治算法,leetcode困难,,,,,,,,,,,,,,,,,,,,,
2576,,转变数组后最接近目标值的数组和,查找算法,二分查找,数组,,leetcode中等,,,,,,,,,,,,,,,,,,,,,
2642,,移动石子直到连续 II,查找算法,数组,滑动窗口,,leetcode中等,,,,,,,,,,,,,,,,,,,,,
2641,,字符串的排列,查找算法,回溯算法,,,leetcode中等,,,,,,,,,,,,,,,,,,,,,
2575,,有效括号的嵌套深度,查找算法,二分查找,贪心算法,,leetcode中等,,,,,,,,,,,,,,,,,,,,,
2630,,水位上升的泳池中游泳,查找算法,堆,深度优先搜索,并查集,leetcode困难,,,,,,,,,,,,,,,,,,,,,
2563,,最小好进制,查找算法,数学,二分查找,,leetcode困难,,,,,,,,,,,,,,,,,,,,,
2639,,?替换后的最长重复字符,查找算法,双指针,滑动窗口,,leetcode中等,,,,,,,,,,,,,,,,,,,,,
2637,,山脉数组的峰顶索引,查找算法,二分查找,,,leetcode简单,,,,,,,,,,,,,,,,,,,,,
2504,,最接近原点的K个点,排序算法,堆,分治算法,,leetcode中等,,,,,,,,,,,,,,,,,,,,,
2522,,数组的相对排序,排序算法,数组,,,leetcode简单,,,,,,,,,,,,,,,,,,,,,
2500,,煎饼排序,排序算法,数组,,,leetcode中等,,,,,,,,,,,,,,,,,,,,,
2456,,计算右侧小于当前元素的个数,排序算法,树状数组,分治算法,线段树,leetcode困难,,,,,,,,,,,,,,,,,,,,,
2489,,区间和的个数,排序算法,树状数组,分治算法,线段树,leetcode困难,,,,,,,,,,,,,,,,,,,,,
2488,,摆动排序,排序算法,,,,leetcode中等,,,,,,,,,,,,,,,,,,,,,
2520,,距离顺序排列矩阵单元格,排序算法,,,,leetcode简单,,,,,,,,,,,,,,,,,,,,,
2496,,重构字符串,排序算法,字符串,堆,贪心算法,leetcode中等,,,,,,,,,,,,,,,,,,,,,
2551,,光开关,树结构,,,,,,,,,,,,,,,,,,,,,,,,,
2297,,树查找,树结构,,,,,,,,,,,,,,,,,,,,,,,,,
2550,,开关,树结构,线段树,枚举,分块,普及/提高-,,,,,,,,,,,,,,,,,,,,,
2572,,色板游戏,树结构,线段树,枚举,,提高+/省选-,,,,,,,,,,,,,,,,,,,,,
2351,,黑手党,树结构,最大流,最小割,,NOI/NI+,,,,,,,,,,,,,,,,,,,,,
2503,,树的最长路径,树结构,,,,,,,,,,,,,,,,,,,,,,,,,
2349,,矿区,树结构,枚举,深度优先搜索,生成树,省选/NOI-,,,,,,,,,,,,,,,,,,,,,
2447,,管家的忠诚,树结构,动态规划,线段树,倍增,提高+/省选-,,,,,,,,,,,,,,,,,,,,,
2502,,序列问题,树结构,模拟,贪心算法,线段树,提高+/省选-,,,,,,,,,,,,,,,,,,,,,
2369,,新二叉树,树结构,字符串,搜索,递归,普及-,,,,,,,,,,,,,,,,,,,,,
2501,,会议座位,树结构,归并排序,字典树,TRIE树,提高+/省选-,,,,,,,,,,,,,,,,,,,,,
2508,,二叉苹果树,树结构,动态规划,,,普及/提高-,,,,,,,,,,,,,,,,,,,,,
2437,,画栅栏,树结构,,,,,,,,,,,,,,,,,,,,,,,,,
2512,,维护序列,树结构,线段树,,,普及+/提高,,,,,,,,,,,,,,,,,,,,,
2556,,方块重叠,树结构,,,,,,,,,,,,,,,,,,,,,,,,,
2314,,将搜索二叉树转换成双向链表,树结构,,,,,,,,,,,,,,,,,,,,,,,,,
2555,,三元上升子序列,树结构,线段树,树状数组,,普及+/提高,,,,,,,,,,,,,,,,,,,,,
2313,,判断树类型,树结构,,,,,,,,,,,,,,,,,,,,,,,,,
2511,,Interesting序列,树结构,线段树,,,洛谷,,,,,,,,,,,,,,,,,,,,,
2499,,不等式组,树结构,平衡树,树状数组,,提高+/省选-,,,,,,,,,,,,,,,,,,,,,
2554,,解雇救生员,树结构,,,,,,,,,,,,,,,,,,,,,,,,,
2455,,美丽指数,树结构,,,,,,,,,,,,,,,,,,,,,,,,,
2597,,送花,树结构,线段树,平衡树,,提高+/省选-,,,,,,,,,,,,,,,,,,,,,
2553,,改造二叉树,树结构,线段树,,,提高+/省选-,,,,,,,,,,,,,,,,,,,,,
2552,,贪婪大陆,树结构,线段树,,,提高+/省选-,,,,,,,,,,,,,,,,,,,,,
2310,,打印二叉树的边界节点,树结构,树,,,牛客网三星,,,,,,,,,,,,,,,,,,,,,
2318,,最大搜索二叉子树,树结构,树,,,牛客网两星,,,,,,,,,,,,,,,,,,,,,
2909,,子串的最大出现次数,字符串,字符串,位运算,,leetcode中等,,,,,,,,,,,,,,,,,,,,,
2955,,字串距离,字符串,动态规划,,,洛谷普及+/提高,,,,,,,,,,,,,,,,,,,,,
2900,,标题统计,字符串,字符串,,,洛谷入门,,,,,,,,,,,,,,,,,,,,,
2898,,最小二进制树,字符串,线段树,树状数组,,洛谷 NOI/NOI+/CTSC,,,,,,,,,,,,,,,,,,,,,
2952,,打字机,字符串,主席树,,,洛谷提高+/省选-,,,,,,,,,,,,,,,,,,,,,
2985,,小明的字符串,字符串,,,,,,,,,,,,,,,,,,,,,,,,,
2896,,匿名信,字符串,,,,,,,,,,,,,,,,,,,,,,,,,
2906,,密码,字符串,枚举,深度优先搜索,,洛谷普及+/提高,,,,,,,,,,,,,,,,,,,,,
2904,,数字反转,字符串,字符串,,,洛谷入门,,,,,,,,,,,,,,,,,,,,,
2947,,文字处理软件,字符串,字符串,,,洛谷入门,,,,,,,,,,,,,,,,,,,,,
2958,,字符串折叠,字符串,动态规划,字符串,枚举,洛谷省选/NOI-,,,,,,,,,,,,,,,,,,,,,
2934,,外星密码,字符串,分治算法,递归,,普及+/提高,,,,,,,,,,,,,,,,,,,,,
2671,,连续1的字符串,线性表,动态规划,,,geekforgeeks,,,,,,,,,,,,,,,,,,,,,
2197,,幸存者,线性表,矩阵,,,geekforgeeks,,,,,,,,,,,,,,,,,,,,,
2195,,设置位的素数,线性表,,,,geekforgeeks,,,,,,,,,,,,,,,,,,,,,
2194,,查找范围内的质数,线性表,,,,geekforgeeks,,,,,,,,,,,,,,,,,,,,,
2192,,模式输出,线性表,,,,,,,,,,,,,,,,,,,,,,,,,
2207,,求和问题,线性表,动态规划,,,geekforgeeks,,,,,,,,,,,,,,,,,,,,,
2669,,打印数字N的所有按位子集,线性表,bit magic,,,geekforgeeks,,,,,,,,,,,,,,,,,,,,,
2206,,递归序列,线性表,数学,递归,,geekforgeeks,,,,,,,,,,,,,,,,,,,,,
2668,,换位,线性表,排序,,,geekforgeeks,,,,,,,,,,,,,,,,,,,,,
2205,,握手,线性表,,,,,,,,,,,,,,,,,,,,,,,,,
2667,,Midori和巧克力,线性表,bit magic,,,geekforgeeks,,,,,,,,,,,,,,,,,,,,,
2204,,在不使用循环的情况下打印1至n,线性表,递归,,,geekforgeeks,,,,,,,,,,,,,,,,,,,,,
2665,,点球射手,线性表,数学,,,geekforgeeks,,,,,,,,,,,,,,,,,,,,,
2202,,瓷砖地板,线性表,数学,动态规划,,geekforgeeks,,,,,,,,,,,,,,,,,,,,,
2543,,每个窗口大小的最小值最大值,线性表,队列,,,geekforgeeks,,,,,,,,,,,,,,,,,,,,,
2201,,笔的集合,线性表,数学,,,geekforgeeks,,,,,,,,,,,,,,,,,,,,,
2662,,无符号整数的奇偶校验,线性表,bit magic,数学,,geekforgeeks,,,,,,,,,,,,,,,,,,,,,
2189,,下一个快乐号码,线性表,递归,数学,,geekforgeeks,,,,,,,,,,,,,,,,,,,,,
2562,,邮件系统设计,线性表,哈希,线性表,,geekforgeeks,,,,,,,,,,,,,,,,,,,,,
2661,,XOR计数零和一,线性表,bit magic,,,geekforgeeks,,,,,,,,,,,,,,,,,,,,,
2187,,大小为K的最大和子数组,线性表,数组,,,geekforgeeks,,,,,,,,,,,,,,,,,,,,,
2658,,因子或倍数,线性表,bit magic,,,geekforgeeks,,,,,,,,,,,,,,,,,,,,,
2656,,最右边的不同位,线性表,bit magic,,,geekforgeeks,,,,,,,,,,,,,,,,,,,,,
2655,,2的最小乘方大于或等于n,线性表,bit magic,,,geekforgeeks,,,,,,,,,,,,,,,,,,,,,
2653,,医生诊所,线性表,数学,,,geekforgeeks,,,,,,,,,,,,,,,,,,,,,
2651,,交换所有奇数和偶数位,线性表,bit magic,,,geekforgeeks,,,,,,,,,,,,,,,,,,,,,
2673,,格雷码,线性表,bit magic,,,geekforgeeks,,,,,,,,,,,,,,,,,,,,,
2659,,神秘入学,线性表,,,,,,,,,,,,,,,,,,,,,,,,,
2793,,疯狂的计算机,数组,,,,codeForces,,,,,,,,,,,,,,,,,,,,,
2430,,与给定总和配对,数组,哈希,,,geekforgeeks,,,,,,,,,,,,,,,,,,,,,
2792,,谭雅爬楼梯,数组,,,,codeForces,,,,,,,,,,,,,,,,,,,,,
2372,,最大小费计算器,数组,动态规划,数组,,geekforgeeks,,,,,,,,,,,,,,,,,,,,,
2293,,第K个最小元素,数组,堆,搜索,,geekforgeeks,,,,,,,,,,,,,,,,,,,,,
2801,,线段组三角形,数组,数学,,,geekforgeeks,,,,,,,,,,,,,,,,,,,,,
2427,,第一个重复元素,数组,哈希,,,geekforgeeks,,,,,,,,,,,,,,,,,,,,,
2602,,最长重复子数组,数组,动态规划,递归,,geekforgeeks,,,,,,,,,,,,,,,,,,,,,
2788,,舞会组队,数组,,,,codeForces,,,,,,,,,,,,,,,,,,,,,
2468,,产品阵列拼图,数组,数学,,,geekforgeeks,,,,,,,,,,,,,,,,,,,,,
2523,,将矩阵按对角线排序,数组,排序,,,geekforgeeks,,,,,,,,,,,,,,,,,,,,,
2787,,构建排列,数组,,,,codeForces,,,,,,,,,,,,,,,,,,,,,
2786,,Polycarp的编程训练,数组,,,,codeForces,,,,,,,,,,,,,,,,,,,,,
2785,,油箱上的密码锁,数组,,,,codeForces,,,,,,,,,,,,,,,,,,,,,
2564,,找到 K 个最接近的元素,数组,搜索,,,geekforgeeks,,,,,,,,,,,,,,,,,,,,,
2784,,比亚莱钦斯克国的选举,数组,,,,codeForces,,,,,,,,,,,,,,,,,,,,,
2783,,纸牌游戏获胜者,数组,,,,codeForces,,,,,,,,,,,,,,,,,,,,,
2729,,有序数组中的单一元素,数组,分治算法,,,geekforgeeks,,,,,,,,,,,,,,,,,,,,,
2429,,最大差异,数组,数学,,,geekforgeeks,,,,,,,,,,,,,,,,,,,,,
2428,,按特定顺序排序,数组,排序,,,geekforgeeks,,,,,,,,,,,,,,,,,,,,,
2285,,股票买卖,数组,双指针,,,geekforgeeks,,,,,,,,,,,,,,,,,,,,,
2284,,最大指数,数组,数学,,,geekforgeeks,,,,,,,,,,,,,,,,,,,,,
2282,,最低平台,数组,贪心算法,数组,,geekforgeeks,,,,,,,,,,,,,,,,,,,,,
2436,,插入区间,数组,数组,,,geekforgeeks,,,,,,,,,,,,,,,,,,,,,
2533,,按奇偶排序数组,数组,数组,排序,,leetcode简单,,,,,,,,,,,,,,,,,,,,,
2797,,观测月亮,数组,,,,codeForces,,,,,,,,,,,,,,,,,,,,,
2796,,最大非完全平方数,数组,,,,codeForces,,,,,,,,,,,,,,,,,,,,,
2819,,小组出游,数组,,,,codeForces,,,,,,,,,,,,,,,,,,,,,
2815,,乘积为一,数组,,,,codeForces,,,,,,,,,,,,,,,,,,,,,
2737,,求众数,数组,数组,,,leetcode中等,,,,,,,,,,,,,,,,,,,,,
2148,,软件补丁,图结构,状态速度,,,洛谷提高+,,,,,,,,,,,,,,,,,,,,,
2147,,价目表,图结构,,,,,,,,,,,,,,,,,,,,,,,,,
2125,,Vera与道路建设,图结构,图,,,洛谷提高+,,,,,,,,,,,,,,,,,,,,,
2146,,大中锋的游乐场,图结构,图,,,洛谷提高+,,,,,,,,,,,,,,,,,,,,,
2220,,EntropyIncreaser与山林,图结构,动态树,树链剖分,,洛谷省选/NOI-,,,,,,,,,,,,,,,,,,,,,
2150,,送外卖,图结构,动态规划,记忆化搜索,,美团 CodeM 初赛 Round B,,,,,,,,,,,,,,,,,,,,,
2133,,最小移动次数使数组元素相等,数字操作,数学,,,leetcode简单,,,,,,,,,,,,,,,,,,,,,
2155,,求到达数组末端的最小移动数,数字操作,,,,,,,,,,,,,,,,,,,,,,,,,
2132,,从英文中重建数字,数字操作,数学,,,leetcode中等,,,,,,,,,,,,,,,,,,,,,
2154,,回文数,数字操作,数学,,,leetcode简单,,,,,,,,,,,,,,,,,,,,,
2230,,到达终点,数字操作,数学,,,leetcode困难,,,,,,,,,,,,,,,,,,,,,
2131,,等差数列划分,数字操作,数学,动态规划,,leetcode中等,,,,,,,,,,,,,,,,,,,,,
2130,,第N个数字,数字操作,数学,,,leetcode中等,,,,,,,,,,,,,,,,,,,,,
2107,,?2的幂,数字操作,数学,位运算,,leetcode简单,,,,,,,,,,,,,,,,,,,,,
2129,,整数替换,数字操作,数学,位运算,,leetcode中等,,,,,,,,,,,,,,,,,,,,,
2227,,破解保险箱,数字操作,数学,深度优先搜索,,leetcode困难,,,,,,,,,,,,,,,,,,,,,
2128,,旋转函数,数字操作,数学,,,leetcode中等,,,,,,,,,,,,,,,,,,,,,
2226,,自除数,数字操作,数学,,,leetcode简单,,,,,,,,,,,,,,,,,,,,,
2223,,错误的集合,数字操作,数学,哈希表,,leetcode简单,,,,,,,,,,,,,,,,,,,,,
2102,,计数质数,数字操作,数学,哈希表,,leetcode简单,,,,,,,,,,,,,,,,,,,,,
2245,,二进制间距,数字操作,数学,,,leetcode简单,,,,,,,,,,,,,,,,,,,,,
2101,,快乐数,数字操作,数学,哈希表,,leetcode简单,,,,,,,,,,,,,,,,,,,,,
2123,,有效的完全平方数,数字操作,数学,二分查找,,leetcode简单,,,,,,,,,,,,,,,,,,,,,
2240,,数组的均值分割,数字操作,数学,,,leetcode困难,,,,,,,,,,,,,,,,,,,,,
2161,,字符串相乘,数字操作,数字,字符串,,leetcode中等,,,,,,,,,,,,,,,,,,,,,
2160,,两数相除,数字操作,数学,二分查找,,leetcode中等,,,,,,,,,,,,,,,,,,,,,
2218,,三个数的最大乘积,数字操作,数学,数组,,leetcode简单,,,,,,,,,,,,,,,,,,,,,
2118,,3的幂,数字操作,数学,,,leetcode简单,,,,,,,,,,,,,,,,,,,,,
2215,,最优除法,数字操作,数学,字符串,,leetcode中等,,,,,,,,,,,,,,,,,,,,,
2138,,连续的子数组和,数字操作,数学,动态规划,,leetcode中等,,,,,,,,,,,,,,,,,,,,,
2137,,完美数,数字操作,数学,,,leetcode简单,,,,,,,,,,,,,,,,,,,,,
2159,,整数转罗马数字,数字操作,数学,字符串,,leetcode中等,,,,,,,,,,,,,,,,,,,,,
2136,,最小好进制,数字操作,数学,二分查找,,leetcode困难,,,,,,,,,,,,,,,,,,,,,
2158,,字符串转换整数,数字操作,数学,字符串,,leetcode中等,,,,,,,,,,,,,,,,,,,,,
2135,,最少移动次数使数组元素相等 II,数字操作,数学,,,leetcode简单,,,,,,,,,,,,,,,,,,,,,
2157,,罗马数字转整数,数字操作,数学,字符串,,leetcode简单,,,,,,,,,,,,,,,,,,,,,
2112,,缺失数字,数字操作,数学,位运算,数组,leetcode简单,,,,,,,,,,,,,,,,,,,,,
2156,,求到达数组末端的最小移动数,数字操作,,,,,,,,,,,,,,,,,,,,,,,,,
2219,,平方数之和,数字操作,数学,,,leetcode简单,,,,,,,,,,,,,,,,,,,,,
2375,,连通的农场,树结构,贪心算法,并查集,生成树,洛谷普及,,,,,,,,,,,,,,,,,,,,,
2298,,二叉排序树,树结构,树结构,,,洛谷提高+,,,,,,,,,,,,,,,,,,,,,
2492,,草场的围栏,树结构,线段树,二分答案,sap,洛谷提高+,,,,,,,,,,,,,,,,,,,,,
2294,,二叉树后序遍历,树结构,广度优先搜索,深度优先搜索,哈希,leetcode困难,,,,,,,,,,,,,,,,,,,,,
2292,,符合搜索二叉树条件的最大拓扑结构,树结构,模拟,,,牛客三星,,,,,,,,,,,,,,,,,,,,,
2391,,教练点名,树结构,字典树,搜索,,洛谷普及,,,,,,,,,,,,,,,,,,,,,
2405,,二叉树的参数,树结构,深度优先搜索,树链剖分,最近公共祖先,洛谷普及,,,,,,,,,,,,,,,,,,,,,
2306,,二叉树的先序中序后序遍历,树结构,广度优先搜索,深度优先搜索,,,,,,,,,,,,,,,,,,,,,,,
2404,,树的路径数量,树结构,动态规划,搜索,,洛谷普及,,,,,,,,,,,,,,,,,,,,,
2446,,阅读理解,树结构,哈希,字典树,字符串,洛谷提高+,,,,,,,,,,,,,,,,,,,,,
2302,,节点的最近公共祖先2,树结构,哈希,,,牛客二星,,,,,,,,,,,,,,,,,,,,,
2460,,树装饰,树结构,动态规划,贪心算法,,USACO,,,,,,,,,,,,,,,,,,,,,
2459,,起飞方案,树结构,贪心算法,线段树,排序,洛谷提高+/省选-,,,,,,,,,,,,,,,,,,,,,
2458,,最长公共子序列长度,树结构,动态规划,二分答案,,洛谷普及+/提高,,,,,,,,,,,,,,,,,,,,,
2435,,查单词,树结构,线段树,字符串,搜索,洛谷普及/提高-,,,,,,,,,,,,,,,,,,,,,
2457,,没有上司的舞会,树结构,动态规划,搜索,树,洛谷普及/提高-,,,,,,,,,,,,,,,,,,,,,
2434,,静音问题,树结构,线段树,搜索,树状数组,洛谷普及+/提高,,,,,,,,,,,,,,,,,,,,,
2432,,最小叶子,树结构,深度优先搜索,递归,搜索,洛谷普及+/提高,,,,,,,,,,,,,,,,,,,,,
2431,,无线通讯网,树结构,并查集,邻接矩阵,生成树,洛谷普及+/提高,,,,,,,,,,,,,,,,,,,,,
2448,,H指数,排序算法,排序,哈希,,leetcode中等,,,,,,,,,,,,,,,,,,,,,
2443,,最大数,排序算法,排序,,,leetcode中等,,,,,,,,,,,,,,,,,,,,,
2495,,通过删除字母匹配到字典里最长单词,排序算法,排序,双指针,,leetcode中等,,,,,,,,,,,,,,,,,,,,,
2491,,两个数组的交集II,排序算法,哈希,双指针,二分查找,leetcode简单,,,,,,,,,,,,,,,,,,,,,
2515,,分割数组的最大值,查找算法,二分查找,动态规划,,leetcode困难,,,,,,,,,,,,,,,,,,,,,
2579,,元素和小于等于阈值的正方形的最大边长,查找算法,二分查找,数组,,leetcode中等,,,,,,,,,,,,,,,,,,,,,
2601,,乘法表中第k小的数,查找算法,二分查找,,,leetcode困难,,,,,,,,,,,,,,,,,,,,,
2578,,使结果不超过阈值的最小除数,查找算法,二分查找,,,leetcode中等,,,,,,,,,,,,,,,,,,,,,
2517,,四数相加 II,查找算法,二分查找,哈希,,leetcode中等,,,,,,,,,,,,,,,,,,,,,
2604,,寻找比目标字母大的最小字母,查找算法,二分查找,,,leetcode简单,,,,,,,,,,,,,,,,,,,,,
2516,,寻找右区间,查找算法,二分查找,,,leetcode中等,,,,,,,,,,,,,,,,,,,,,
2473,,直方图中的最大矩形面积,线性表,栈,,,geeksforgeeks中等,,,,,,,,,,,,,,,,,,,,,
2471,,括号检查器,线性表,栈,,,geeksforgeeks中等,,,,,,,,,,,,,,,,,,,,,
2691,,最小总和分区,线性表,动态规划,,,geeksforgeeks困难,,,,,,,,,,,,,,,,,,,,,
2690,,查找字符串作为子序列出现的次数,线性表,动态规划,,,geeksforgeeks简单,,,,,,,,,,,,,,,,,,,,,
2590,,伪造的个人资料,线性表,哈希,,,geeksforgeeks基础,,,,,,,,,,,,,,,,,,,,,
2724,,骰子问题,线性表,数学,,,geeksforgeeks school,,,,,,,,,,,,,,,,,,,,,
2646,,寻找尼姆游戏的获胜者,线性表,位运算,线性表,,geeksforgeeks简单,,,,,,,,,,,,,,,,,,,,,
2723,,重复加数字,线性表,线性表,数学,,geeksforgeeks基础,,,,,,,,,,,,,,,,,,,,,
2722,,安斯曼的最爱号码,线性表,数学,线性表,,geeksforgeeks基础,,,,,,,,,,,,,,,,,,,,,
2721,,唐津算法,线性表,分治算法,字符串,,geeksforgeeks简单,,,,,,,,,,,,,,,,,,,,,
2487,,选举获胜者,线性表,遍历,字符串,,geeksforgeeks简单,,,,,,,,,,,,,,,,,,,,,
2486,,解码字符串,线性表,递归,栈,,geeksforgeeks简单,,,,,,,,,,,,,,,,,,,,,
2761,,N*N棋盘中的方块,线性表,,,,,,,,,,,,,,,,,,,,,,,,,
2728,,盛满水的容器,线性表,数学,猜谜游戏,,geeksforgeeks中等,,,,,,,,,,,,,,,,,,,,,
2727,,分配老鼠洞,线性表,数学,,,geeksforgeeks简单,,,,,,,,,,,,,,,,,,,,,
2649,,切换给定范围的位,线性表,数学,二进制,字符串,geeksforgeeks,,,,,,,,,,,,,,,,,,,,,
2725,,汤姆和杰瑞,线性表,数学,,,geeksforgeeks,,,,,,,,,,,,,,,,,,,,,
2485,,相同字符组,线性表,字符串,排序,,geeksforgeeks,,,,,,,,,,,,,,,,,,,,,
2760,,最高金额,线性表,数学,,,geeksforgeeks,,,,,,,,,,,,,,,,,,,,,
2484,,两个数组的并集,线性表,数学,数组,,geeksforgeeks,,,,,,,,,,,,,,,,,,,,,
2560,,唯一ID,线性表,数组,数学,,geeksforgeeks,,,,,,,,,,,,,,,,,,,,,
2483,,最小索引字符,线性表,字符串,,,geeksforgeeks,,,,,,,,,,,,,,,,,,,,,
2559,,检查字符串是否为Isogram,线性表,字符串,搜索,,geeksforgeeks,,,,,,,,,,,,,,,,,,,,,
2557,,删除给定数字中的重复数字,线性表,数学,搜索,,geeksforgeeks,,,,,,,,,,,,,,,,,,,,,
2755,,将两个多项式相乘,线性表,字符串,链表,,geeksforgeeks,,,,,,,,,,,,,,,,,,,,,
2732,,模,线性表,数学,,,geeksforgeeks,,,,,,,,,,,,,,,,,,,,,
2336,,大小为k的所有子数组的最大值,线性表,数学,数组,,geeksforgeeks,,,,,,,,,,,,,,,,,,,,,
2731,,成对,线性表,数学,,,geeksforgeeks,,,,,,,,,,,,,,,,,,,,,
2730,,使用数组数字形成一个可被3整除的数字,线性表,数组,数学,,geeksforgeeks,,,,,,,,,,,,,,,,,,,,,
2759,,给定范围内的除数,线性表,数学,,,geeksforgeeks,,,,,,,,,,,,,,,,,,,,,
2954,,破译符号,字符串,搜索,,,AcWing困难,,,,,,,,,,,,,,,,,,,,,
2975,,字符串内排序,字符串,排序,,,牛客网一星,,,,,,,,,,,,,,,,,,,,,
2942,,拼数,字符串,简单排序,,,牛客网两星,,,,,,,,,,,,,,,,,,,,,
2963,,树上的回文串,字符串,AC自动机,点分治,,LOJ6681,,,,,,,,,,,,,,,,,,,,,
2974,,切开字符串,字符串,字符处理,,,蓝桥杯,,,,,,,,,,,,,,,,,,,,,
2984,,字符串对比,字符串,字符串,,,蓝桥杯,,,,,,,,,,,,,,,,,,,,,
2961,,字符加密,字符串,字符串,后缀数组,,洛谷省选/NOI-,,,,,,,,,,,,,,,,,,,,,
2972,,LW的字符串,字符串,数组,字符串,,HDU5414,,,,,,,,,,,,,,,,,,,,,
2981,,字符串的展开,字符串,模拟,字符串,,洛谷普及/提高-,,,,,,,,,,,,,,,,,,,,,
2970,,正则表达式,字符串,正则表达式,,,LOJ,,,,,,,,,,,,,,,,,,,,,
2969,,Lyndon 分解,字符串,字符处理,字符串,,洛谷省选/NOI-,,,,,,,,,,,,,,,,,,,,,
2979,,最长字符串,字符串,排序,字符串,,蓝桥杯,,,,,,,,,,,,,,,,,,,,,
2946,,硬币翻转,字符串,模拟,字符串,搜索,洛谷入门,,,,,,,,,,,,,,,,,,,,,
2968,,回文子串,字符串,字符串,动态规划,,leetcode中等,,,,,,,,,,,,,,,,,,,,,
2957,,奇怪的字符串,字符串,字符串,哈希,,洛谷普及/提高-,,,,,,,,,,,,,,,,,,,,,
2978,,比较字符串,字符串,字符串,排序,,蓝桥杯,,,,,,,,,,,,,,,,,,,,,
2945,,单词覆盖还原,字符串,模拟,字符串,,洛谷入门,,,,,,,,,,,,,,,,,,,,,
2956,,A先生的字符串,字符串,矩阵快速幂优化,,,洛谷省选/NOI-,,,,,,,,,,,,,,,,,,,,,
2316,,新生舞会,图结构,最大流,二分答案,分数规划,洛谷省选/NOI-,,,,,,,,,,,,,,,,,,,,,
2305,,花札,图结构,模拟,图论,,loj,,,,,,,,,,,,,,,,,,,,,
2348,,棋盘游戏,图结构,模拟,图论,,洛谷普及/提高-,,,,,,,,,,,,,,,,,,,,,
2347,,搭配飞行员,图结构,二分图,广度优先搜索,深度优先搜索,loj,,,,,,,,,,,,,,,,,,,,,
2235,,和平委员会,图结构,2-sat,,,洛谷省选/NOI-,,,,,,,,,,,,,,,,,,,,,
2354,,分形之分数,图结构,矩阵乘法,,,AGC003,,,,,,,,,,,,,,,,,,,,,
2343,,积木,图结构,搜索,暴力,,洛谷省选/NOI-,,,,,,,,,,,,,,,,,,,,,
2331,,小凸玩矩阵,图结构,二分匹配,最大匹配,网络流,洛谷省选/NOI-,,,,,,,,,,,,,,,,,,,,,
2352,,四联通块,图结构,前缀和,,,AGC015,,,,,,,,,,,,,,,,,,,,,
2870,,和为偶数的最大值,数组,,,,codeForces,,,,,,,,,,,,,,,,,,,,,
2393,,成对个数,数组,,,,codeForces,,,,,,,,,,,,,,,,,,,,,
2470,,旋转2D阵列而无需占用额外空间,数组,,,,codeForces,,,,,,,,,,,,,,,,,,,,,
2867,,优雅的矩阵,数组,,,,codeForces,,,,,,,,,,,,,,,,,,,,,
2845,,笔记本电脑价格,数组,,,,codeForces,,,,,,,,,,,,,,,,,,,,,
2823,,整除数列,数组,,,,codeForces,,,,,,,,,,,,,,,,,,,,,
2844,,瓦莱拉的阅读时间,数组,,,,codeForces,,,,,,,,,,,,,,,,,,,,,
2866,,坚果巧克力棒,数组,,,,codeForces,,,,,,,,,,,,,,,,,,,,,
2865,,U盘,数组,,,,codeForces,,,,,,,,,,,,,,,,,,,,,
2843,,还原序列,数组,,,,codeForces,,,,,,,,,,,,,,,,,,,,,
2469,,最小窗口,数组,,,,codeForces,,,,,,,,,,,,,,,,,,,,,
2842,,聚会分组,数组,,,,codeForces,,,,,,,,,,,,,,,,,,,,,
2863,,佩奇和他的小伙伴,数组,,,,codeForces,,,,,,,,,,,,,,,,,,,,,
2840,,罗玛的幸运数字,数组,,,,codeForces,,,,,,,,,,,,,,,,,,,,,
2861,,组队比赛,数组,,,,codeForces,,,,,,,,,,,,,,,,,,,,,
2849,,Ksusha的数组,数组,,,,codeForces,,,,,,,,,,,,,,,,,,,,,
2848,,两个数组,数组,,,,codeForces,,,,,,,,,,,,,,,,,,,,,
2868,,移动卡片,数组,,,,codeForces,,,,,,,,,,,,,,,,,,,,,
2824,,转移监狱,数组,,,,codeForces,,,,,,,,,,,,,,,,,,,,,
2384,,缺失的最小正数,数组,,,,codeForces,,,,,,,,,,,,,,,,,,,,,
2834,,选择题总分,数组,,,,codeForces,,,,,,,,,,,,,,,,,,,,,
2877,,划分序列,数组,,,,codeForces,,,,,,,,,,,,,,,,,,,,,
2855,,XO棋盘,数组,,,,codeForces,,,,,,,,,,,,,,,,,,,,,
2832,,侦探小说,数组,,,,codeForces,,,,,,,,,,,,,,,,,,,,,
2854,,熊大象还是四不像,数组,,,,codeForces,,,,,,,,,,,,,,,,,,,,,
2875,,谁的礼物,数组,,,,codeForces,,,,,,,,,,,,,,,,,,,,,
2831,,地铁环线,数组,,,,codeForces,,,,,,,,,,,,,,,,,,,,,
2853,,奥尔加偷饼干,数组,,,,codeForces,,,,,,,,,,,,,,,,,,,,,
2830,,整数n以b为底的k位数,数组,,,,codeForces,,,,,,,,,,,,,,,,,,,,,
2852,,阿卡迪买寿司,数组,,,,codeForces,,,,,,,,,,,,,,,,,,,,,
2873,,逃脱房间,数组,,,,codeForces,,,,,,,,,,,,,,,,,,,,,
2851,,覆盖所有点,数组,,,,codeForces,,,,,,,,,,,,,,,,,,,,,
2872,,桌上的石头,数组,,,,codeForces,,,,,,,,,,,,,,,,,,,,,
2850,,Lahub的小游戏,数组,,,,codeForces,,,,,,,,,,,,,,,,,,,,,
2838,,鲍勃的寒假作业,数组,,,,codeForces,,,,,,,,,,,,,,,,,,,,,
2859,,方格纸,数组,,,,codeForces,,,,,,,,,,,,,,,,,,,,,
2837,,Mislove丢失的数组,数组,,,,codeForces,,,,,,,,,,,,,,,,,,,,,
2858,,表格中的最大值,数组,,,,codeForces,,,,,,,,,,,,,,,,,,,,,
2836,,非降序排序,数组,,,,codeForces,,,,,,,,,,,,,,,,,,,,,
2857,,数组公约数,数组,,,,codeForces,,,,,,,,,,,,,,,,,,,,,
2835,,用0和5组数,数组,,,,codeForces,,,,,,,,,,,,,,,,,,,,,
2521,,距离相等的条形码,排序算法,堆排,排序,,leetcode中等,,,,,,,,,,,,,,,,,,,,,
2532,,最多能完成排序的块,排序算法,数组,,,leetcode中等,,,,,,,,,,,,,,,,,,,,,
2497,,车队,排序算法,排序,,,leetcode中等,,,,,,,,,,,,,,,,,,,,,
2519,,三角形的最大周长,排序算法,排序,数学,,leetcode简单,,,,,,,,,,,,,,,,,,,,,
2529,,重新排序得到 2 的幂,排序算法,数学,,,leetcode中等,,,,,,,,,,,,,,,,,,,,,
2650,,可怜的狗狗,树结构,数学,,,leetcode困难,,,,,,,,,,,,,,,,,,,,,
2353,,树的合并,树结构,树,,,leetcode简单,,,,,,,,,,,,,,,,,,,,,
2524,,树的序,树结构,树,高性能,,洛谷提高+/省选-,,,,,,,,,,,,,,,,,,,,,
2600,,摧毁数列,树结构,并查集,线段树,,洛谷提高+/省选-,,,,,,,,,,,,,,,,,,,,,
2400,,下落的树叶,树结构,递归,树,,洛谷普及/提高-,,,,,,,,,,,,,,,,,,,,,
2509,,中位数,树结构,线段树,二分查找,快排,洛谷普及+/提高,,,,,,,,,,,,,,,,,,,,,
2605,,左偏树,树结构,树,,,洛谷提高+/省选-,,,,,,,,,,,,,,,,,,,,,
2549,,宝石管理系统,树结构,平衡树,,,洛谷提高+/省选-,,,,,,,,,,,,,,,,,,,,,
2648,,审查,树结构,字符串,线段树,栈,洛谷提高+/省选-,,,,,,,,,,,,,,,,,,,,,
2540,,庙会班车,树结构,贪心算法,线段树,,洛谷提高+/省选-,,,,,,,,,,,,,,,,,,,,,
2382,,区间,树结构,图,,,洛谷提高+/省选-,,,,,,,,,,,,,,,,,,,,,
2416,,腰鼓,树结构,线段树,,,洛谷普及+/提高,,,,,,,,,,,,,,,,,,,,,
2636,,逃学的小孩,树结构,枚举,树,,洛谷提高+/省选-,,,,,,,,,,,,,,,,,,,,,
2657,,树的标记和询问,树结构,,,,,,,,,,,,,,,,,,,,,,,,,
2633,,无聊的数列,树结构,线段树,递归,,洛谷提高+/省选-,,,,,,,,,,,,,,,,,,,,,
2699,,第一,树结构,搜索,,,洛谷普及/提高-,,,,,,,,,,,,,,,,,,,,,
2599,,畜栏分配,树结构,,,,,,,,,,,,,,,,,,,,,,,,,
2632,,鬼子进村,树结构,平衡树,,,洛谷提高+/省选-,,,,,,,,,,,,,,,,,,,,,
2654,,城市的地平线,树结构,线段树,快排,,洛谷提高+/省选-,,,,,,,,,,,,,,,,,,,,,
2598,,最大数,树结构,,,,,,,,,,,,,,,,,,,,,,,,,
2631,,奶牛产奶量,树结构,贪心算法,排序,,洛谷提高+/省选-,,,,,,,,,,,,,,,,,,,,,
2697,,验证二叉搜索树,树结构,深度优先算法,,,leetcode中等,,,,,,,,,,,,,,,,,,,,,
2696,,最长波动数列,树结构,,,,,,,,,,,,,,,,,,,,,,,,,
2355,,最小权值,树结构,,,,,,,,,,,,,,,,,,,,,,,,,
2398,,奶牛舞蹈,树结构,,,,洛谷普及+/提高,,,,,,,,,,,,,,,,,,,,,
2695,,树上操作,树结构,,,,,,,,,,,,,,,,,,,,,,,,,
2638,,平均数和方差,树结构,,,,,,,,,,,,,,,,,,,,,,,,,
2092,,图论-信息传递,数字操作,,,,,,,,,,,,,,,,,,,,,,,,,
2276,,螺旋矩阵 III,数字操作,数学,,,leetcode中等,,,,,,,,,,,,,,,,,,,,,
2275,,变为棋盘,数字操作,数组,数学,,leetcode困难,,,,,,,,,,,,,,,,,,,,,
2330,,最小面积矩形 II,数字操作,几何,数学,,leetcode中等,,,,,,,,,,,,,,,,,,,,,
2250,,直线上最多的点数,数字操作,哈希,数学,,leetcode困难,,,,,,,,,,,,,,,,,,,,,
2370,,负二进制转换,数字操作,数学,,,leetcode中等,,,,,,,,,,,,,,,,,,,,,
2403,,分糖果 II,数字操作,数学,,,leetcode简单,,,,,,,,,,,,,,,,,,,,,
2326,,三等分,数字操作,贪心算法,数学,二分查找,leetcode困难,,,,,,,,,,,,,,,,,,,,,
2402,,航班预订统计,数字操作,数组,数学,,leetcode中等,,,,,,,,,,,,,,,,,,,,,
2401,,二叉树寻路,数字操作,树,数学,,leetcode中等,,,,,,,,,,,,,,,,,,,,,
2324,,最小差值 II,数字操作,数学,贪心算法,,leetcode中等,,,,,,,,,,,,,,,,,,,,,
2367,,可被 K 整除的最小整数,数字操作,数学,,,leetcode中等,,,,,,,,,,,,,,,,,,,,,
2421,,6 和 9 组成的最大数字,数字操作,数学,,,leetcode简单,,,,,,,,,,,,,,,,,,,,,
2322,,超级回文数,数字操作,数学,,,leetcode困难,,,,,,,,,,,,,,,,,,,,,
2420,,将整数转换为两个无零整数的和,数字操作,数学,,,leetcode简单,,,,,,,,,,,,,,,,,,,,,
2321,,?最大为 N 的数字组合,数字操作,数学,动态规划,,leetcode困难,,,,,,,,,,,,,,,,,,,,,
2409,,玩筹码,数字操作,数学,贪心算法,数组,leetcode简单,,,,,,,,,,,,,,,,,,,,,
2408,,质数排列,数字操作,数学,,,leetcode简单,,,,,,,,,,,,,,,,,,,,,
2407,,一年中的第几天,数字操作,数学,,,leetcode简单,,,,,,,,,,,,,,,,,,,,,
2329,,按公因数计算最大组件大小,数字操作,数学,并查集,,leetcode困难,,,,,,,,,,,,,,,,,,,,,
2364,,至少有 1 位重复的数字,数字操作,数学,动态规划,,leetcode困难,,,,,,,,,,,,,,,,,,,,,
2363,,十进制整数的反码,数字操作,数学,,,leetcode简单,,,,,,,,,,,,,,,,,,,,,
2362,,笨阶乘,数字操作,数学,,,leetcode中等,,,,,,,,,,,,,,,,,,,,,
2381,,负二进制数相加,数字操作,数学,,,leetcode中等,,,,,,,,,,,,,,,,,,,,,
2239,,有效的井字游戏,数字操作,数学,递归,,leetcode中等,,,,,,,,,,,,,,,,,,,,,
2379,,困于环中的机器人,数字操作,数学,,,leetcode中等,,,,,,,,,,,,,,,,,,,,,
2411,,缀点成线,数字操作,数学,几何,数组,leetcode简单,,,,,,,,,,,,,,,,,,,,,
2377,,有效的回旋镖,数字操作,数学,,,leetcode简单,,,,,,,,,,,,,,,,,,,,,
2332,,表示数字的最少运算符,数字操作,数学,动态规划,,leetcode困难,,,,,,,,,,,,,,,,,,,,,
2419,,整数的各位积和之差,数字操作,数学,,,leetcode简单,,,,,,,,,,,,,,,,,,,,,
2518,,供暖器,数字操作,二分查找,,,leetcode简单,,,,,,,,,,,,,,,,,,,,,
2694,,最长重复子串,查找算法,哈希,二分查找,,leetcode困难,,,,,,,,,,,,,,,,,,,,,
2570,,?俄罗斯套娃信封问题,查找算法,二分查找,动态规划,,leetcode困难,,,,,,,,,,,,,,,,,,,,,
2745,,单词接龙,查找算法,广度优先搜索,,,leetcode中等,,,,,,,,,,,,,,,,,,,,,
2567,,区间和的个数,查找算法,分治算法,树状数组,线段树,leetcode困难,,,,,,,,,,,,,,,,,,,,,
2720,,连通网络的操作次数,查找算法,深度优先搜索,广度优先搜索,并查集,leetcode中等,,,,,,,,,,,,,,,,,,,,,
2706,,账户合并,查找算法,深度优先搜索,并查集,,leetcode中等,,,,,,,,,,,,,,,,,,,,,
2705,,冗余连接2,查找算法,深度优先搜索,并查集,图,leetcode困难,,,,,,,,,,,,,,,,,,,,,
2715,,移除最多的同行或同列石头,查找算法,,,,,,,,,,,,,,,,,,,,,,,,,
2703,,朋友圈,查找算法,深度优先搜索,并查集,,leetcode中等,,,,,,,,,,,,,,,,,,,,,
2990,,自定义函数之字符串连接,字符串,,,,,,,,,,,,,,,,,,,,,,,,,
2920,,划分k个子序列,数组,,,,CodeForces,,,,,,,,,,,,,,,,,,,,,
2841,,或和异或运算,数组,,,,CodeForces,,,,,,,,,,,,,,,,,,,,,
2862,,删除元素,数组,,,,CodeForces,,,,,,,,,,,,,,,,,,,,,
2860,,百特学滑雪,数组,,,,CodeForces,,,,,,,,,,,,,,,,,,,,,
2928,,油漆写数字,数组,,,,CodeForces,,,,,,,,,,,,,,,,,,,,,
2923,,最大区间询问和,数组,,,,CodeForces,,,,,,,,,,,,,,,,,,,,,
2856,,伐木工的故事,数组,,,,CodeForces,,,,,,,,,,,,,,,,,,,,,
2911,,散播谣言,数组,,,,CodeForces,,,,,,,,,,,,,,,,,,,,,
2876,,断掉电闸,数组,,,,CodeForces,,,,,,,,,,,,,,,,,,,,,
2874,,瓦西亚的假期,数组,,,,CodeForces,,,,,,,,,,,,,,,,,,,,,
2918,,堆盒子,数组,,,,CodeForces,,,,,,,,,,,,,,,,,,,,,
2573,,破解系列,线性表,,,,geeksforgeeks,,,,,,,,,,,,,,,,,,,,,
2770,,一间房间N次会议,线性表,,,,geeksforgeeks,,,,,,,,,,,,,,,,,,,,,
2762,,我在哪里,线性表,,,,geeksforgeeks,,,,,,,,,,,,,,,,,,,,,
2674,,计算a ^ i b ^ j c ^ k类型的子序列,线性表,,,,geeksforgeeks,,,,,,,,,,,,,,,,,,,,,
2976,,字符串的查找删除,字符串,字符处理,,,九度,,,,,,,,,,,,,,,,,,,,,
2983,,完美的代价,字符串,贪心算法,,,蓝桥杯,,,,,,,,,,,,,,,,,,,,,
2971,,后缀排序,字符串,字符串,排序,后缀数组,洛谷省选/NOI-,,,,,,,,,,,,,,,,,,,,,
2708,,人类基因组计划2,树结构,线段树,平衡树,,洛谷省选/NOI-,,,,,,,,,,,,,,,,,,,,,
2782,,营业额统计,树结构,splay,概率论,统计,洛谷提高+/省选-,,,,,,,,,,,,,,,,,,,,,
2781,,存在前缀,树结构,,,,loj,,,,,,,,,,,,,,,,,,,,,
2735,,主席树1,树结构,网络流,最大流,邻接表,洛谷提高+/省选-,,,,,,,,,,,,,,,,,,,,,
2757,,连通块乘积,树结构,动态规划,树结构,,洛谷省选/NOI-,,,,,,,,,,,,,,,,,,,,,
2713,,可得数列,树结构,线段树,后缀数组,,洛谷省选/NOI-,,,,,,,,,,,,,,,,,,,,,
2733,,加密询问,树结构,线段树,最近公共祖先,主席树,洛谷省选/NOI-,,,,,,,,,,,,,,,,,,,,,
2698,,严格N元树,树结构,差分,前缀和,,省选,,,,,,,,,,,,,,,,,,,,,
2652,,奖学金,树结构,贪心,二叉堆,优先队列,洛谷提高+/省选-,,,,,,,,,,,,,,,,,,,,,
2623,,数组中的第K个最大元素,数字操作,堆,分治,,leetcode中等,,,,,,,,,,,,,,,,,,,,,
2622,,多数元素,数字操作,位运算,数组,分治算法,leetcode简单,,,,,,,,,,,,,,,,,,,,,
2608,,弦子序列游戏,数字操作,,,,geeksforgeeks,,,,,,,,,,,,,,,,,,,,,
2361,,正方形数组的数目,数字操作,图,数学,回溯算法,leetcode困难,,,,,,,,,,,,,,,,,,,,,
2417,,检查「好数组」,数字操作,数学,,,leetcode困难,,,,,,,,,,,,,,,,,,,,,
2350,,小Y和地铁,图结构,搜索,平面图,,LOJ,,,,,,,,,,,,,,,,,,,,,
2746,,单词接龙2,查找算法,广度优先搜索,回溯算法,字符串,leetcode困难,,,,,,,,,,,,,,,,,,,,,
2577,,规划兼职工作,查找算法,排序,二分查找,动态规划,leetcode困难,,,,,,,,,,,,,,,,,,,,,
2422,,快速排序,排序算法,排序,,,ROI,,,,,,,,,,,,,,,,,,,,,
2966,,文本校正,字符串,O2优化,,,洛谷NOI/NOI+/CTSC,,,,,,,,,,,,,,,,,,,,,
